Workbook
Name _: #REF!
Name ___yr20: #REF!
Name ___yr88: #REF!
Name __1_: #REF!
Name __UP1: #REF!
Name __UP10: #REF!
Name __UP11: #REF!
Name __UP12: #REF!
Name __UP13: #REF!
Name __UP14: #REF!
Name __UP15: #REF!
Name __UP16: #REF!
Name __UP17: #REF!
Name __UP18: #REF!
Name __UP19: #REF!
Name __UP2: #REF!
Name __UP20: #REF!
Name __UP21: #REF!
Name __UP22: #REF!
Name __UP3: #REF!
Name __UP4: #REF!
Name __UP5: #REF!
Name __UP6: #REF!
Name __UP7: #REF!
Name __UP8: #REF!
Name __UP9: #REF!
Name _1_: #REF!
Name _2015_IHS: #REF!
Name _2016_IHS: '[1]us domestic'!#REF!
Name _2016_South_American_construction_spending_by_country: #REF!
Name _2016_South_American_construction_spending_by_sector: '[1]SA Constuction Spend by Sector'!#REF!
Name _2017_IHS: #REF!
Name _2018_IHS: #REF!
Name _2021_IHS: #REF!
Name _UP1: #REF!
Name _UP10: #REF!
Name _UP11: #REF!
Name _UP12: #REF!
Name _UP13: #REF!
Name _UP14: #REF!
Name _UP15: #REF!
Name _UP16: #REF!
Name _UP17: #REF!
Name _UP18: #REF!
Name _UP19: #REF!
Name _UP2: #REF!
Name _UP20: #REF!
Name _UP21: #REF!
Name _UP22: #REF!
Name _UP3: #REF!
Name _UP4: #REF!
Name _UP5: #REF!
Name _UP6: #REF!
Name _UP7: #REF!
Name _UP8: #REF!
Name _UP9: #REF!
Name _yr01: #REF!
Name _yr02: #REF!
Name _yr03: #REF!
Name _yr04: #REF!

Sheet Sheet8
A3: 행 레이블 | B3: 평균 : Compound annual growth rate. 2025-30(percent)
A4: Cleaners, industrial and institutional | B4: 0.031225525
A5: Coatings, high-performance anticorrosion | B5: 0.012810807
A6: Coatings, radiation curable | B6: 0.036406497
A7: Coatings, thermosetting powder | B7: 0.032355537
A8: Compounded engineering thermoplastics | B8: 0.031736002
A9: Construction chemicals | B9: 0.014720546
A10: Cosmetic/personal care chemicals | B10: 0.032234487
A11: Display materials | B11: 0.029390726
A12: Emission control | B12: -0.040973241
A13: Feed additives | B13: 0.024394642
A14: Flavors and fragrances | B14: 0.025565913
A15: Food additives | B15: 0.024455755
... A34: 총합계 | B34: 0.029831754

Sheet end_use_specialty
A1: end_use_id | B1: end_use_category | C1: specialty_category | D1: specialty_cagr | E1: Linkage 사유
A2: E01 | B2: Construction & Infrastructure | C2: Construction chemicals | D2: =_xlfn.XLOOKUP(표16[[#This Row],[specialty_category]],Sheet8!$A$4:$A$33,Sheet8!$B$4:$B$33) -> 0.014720546 | E2: 콘크리트 혼화제, 방수재, 보수재 등 건설용 기능성 화학소재
A3: E01 | B3: Construction & Infrastructure | C3: Coatings, high-performance anticorrosion | D3: =_xlfn.XLOOKUP(표16[[#This Row],[specialty_category]],Sheet8!$A$4:$A$33,Sheet8!$B$4:$B$33) -> 0.012810807 | E3: 철강, 콘크리트, 교량, 플랜트, 해양구조물 부식 방지
A4: E01 | B4: Construction & Infrastructure | C4: Coatings, thermosetting powder | D4: =_xlfn.XLOOKUP(표16[[#This Row],[specialty_category]],Sheet8!$A$4:$A$33,Sheet8!$B$4:$B$33) -> 0.032355537 | E4: 건축자재, 금속 구조물, 창호, 외장재 코팅
A5: E01 | B5: Construction & Infrastructure | C5: Specialty adhesives and sealants | D5: =_xlfn.XLOOKUP(표16[[#This Row],[specialty_category]],Sheet8!$A$4:$A$33,Sheet8!$B$4:$B$33) -> 0.026834875 | E5: 건축용 실란트, 접착제, 방수·기밀 소재
A6: E01 | B6: Construction & Infrastructure | C6: Water management chemicals | D6: =_xlfn.XLOOKUP(표16[[#This Row],[specialty_category]],Sheet8!$A$4:$A$33,Sheet8!$B$4:$B$33) -> 0.030939657 | E6: 상하수, 정수, 폐수처리 등 인프라 운영용 화학소재
A7: E01 | B7: Construction & Infrastructure | C7: Plastics additives | D7: =_xlfn.XLOOKUP(표16[[#This Row],[specialty_category]],Sheet8!$A$4:$A$33,Sheet8!$B$4:$B$33) -> 0.027418968 | E7: PVC pipe, insulation, flooring, 건축용 플라스틱 소재 성능 개선
A8: E01 | B8: Construction & Infrastructure | C8: High-performance thermoplastics | D8: =_xlfn.XLOOKUP(표16[[#This Row],[specialty_category]],Sheet8!$A$4:$A$33,Sheet8!$B$4:$B$33) -> 0.034040616 | E8: 고내열·고강도 건축 부품, 특수 배관, 절연재 등에 일부 적용
A9: E02 | B9: Consumer Products & Packaging | C9: Specialty films | D9: =_xlfn.XLOOKUP(표16[[#This Row],[specialty_category]],Sheet8!$A$4:$A$33,Sheet8!$B$4:$B$33) -> 0.029377151 | E9: 식품·생활용품 포장필름, 보호필름, 기능성 포장재
A10: E02 | B10: Consumer Products & Packaging | C10: Plastics additives | D10: =_xlfn.XLOOKUP(표16[[#This Row],[specialty_category]],Sheet8!$A$4:$A$33,Sheet8!$B$4:$B$33) -> 0.027418968 | E10: 포장재, 생활용 플라스틱 제품의 내구성·가공성·색상·안정성 개선
A11: E02 | B11: Consumer Products & Packaging | C11: Cosmetic/personal care chemicals | D11: =_xlfn.XLOOKUP(표16[[#This Row],[specialty_category]],Sheet8!$A$4:$A$33,Sheet8!$B$4:$B$33) -> 0.032234487 | E11: 화장품, 퍼스널케어 제품용 기능성 원료
A12: E02 | B12: Consumer Products & Packaging | C12: Printing inks | D12: =_xlfn.XLOOKUP(표16[[#This Row],[specialty_category]],Sheet8!$A$4:$A$33,Sheet8!$B$4:$B$33) -> 0.025897745 | E12: 포장재, 라벨, 상업 인쇄물용 잉크
A13: E02 | B13: Consumer Products & Packaging | C13: Flavors and fragrances | D13: =_xlfn.XLOOKUP(표16[[#This Row],[specialty_category]],Sheet8!$A$4:$A$33,Sheet8!$B$4:$B$33) -> 0.025565913 | E13: 식품, 생활용품, 화장품 향료·향미 소재
... A73: E08 | B73: Electronics, Semiconductors & Digital Infrastructure | C73: Coatings, radiation curable | D73: =_xlfn.XLOOKUP(표16[[#This Row],[specialty_category]],Sheet8!$A$4:$A$33,Sheet8!$B$4:$B$33) -> 0.036406497 | E73: 전자부품 보호코팅, 디스플레이·필름 코팅
B75: end_use_category | C75: specialty_counts | D75: speacialty_avg_cagr
B76: {=_xlfn.UNIQUE(표16[end_use_category])} -> Construction & Infrastructure | C76: =COUNTIF(표16[end_use_category],B76) -> 7 | D76: =AVERAGEIF(표16[end_use_category],B76,표16[specialty_cagr]) -> 0.025588715
B77: Consumer Products & Packaging | C77: =COUNTIF(표16[end_use_category],B77) -> 11 | D77: =AVERAGEIF(표16[end_use_category],B77,표16[specialty_cagr]) -> 0.027473582
B78: Automotive & Future Mobility | C78: =COUNTIF(표16[end_use_category],B78) -> 9 | D78: =AVERAGEIF(표16[end_use_category],B78,표16[specialty_cagr]) -> 0.01870127
B79: Energy, Power & Utilities | C79: =COUNTIF(표16[end_use_category],B79) -> 9 | D79: =AVERAGEIF(표16[end_use_category],B79,표16[specialty_cagr]) -> 0.01205622
B80: Healthcare & Life Sciences | C80: =COUNTIF(표16[end_use_category],B80) -> 6 | D80: =AVERAGEIF(표16[end_use_category],B80,표16[specialty_cagr]) -> 0.030983783
B81: Agriculture | C81: =COUNTIF(표16[end_use_category],B81) -> 5 | D81: =AVERAGEIF(표16[end_use_category],B81,표16[specialty_cagr]) -> 0.027317235
B82: Industrial Goods & Advanced Manufacturing | C82: =COUNTIF(표16[end_use_category],B82) -> 16 | D82: =AVERAGEIF(표16[end_use_category],B82,표16[specialty_cagr]) -> 0.023583045
B83: Electronics, Semiconductors & Digital Infrastructure | C83: =COUNTIF(표16[end_use_category],B83) -> 9 | D83: =AVERAGEIF(표16[end_use_category],B83,표16[specialty_cagr]) -> 0.038348693
B86: Specialty Category | C86: Description | D86: CAGR | E86: Construction & Infrastructure | F86: Consumer Products & Packaging | G86: Automotive & Future Mobility | H86: Energy, Power & Utilities | I86: Healthcare & Life Sciences | J86: Agriculture | K86: Industrial Goods & Advanced Manufacturing | L86: Electronics, Semiconductors & Digital Infrastructure
B87: Semiconductors, silicon and IC process chemicals | C87: 반도체(Chip) 제조 공정에 사용되는 초고순도 전자재료 및 공정용 화학 산업 | D87: =_xlfn.XLOOKUP(B87,Sheet8!$A$4:$A$33,Sheet8!$B$4:$B$33) -> 0.070838454 | E87: =IFERROR(AVERAGEIFS(표16[specialty_cagr],표16[specialty_category],$B87,표16[end_use_category],E$86),"") | F87: =IFERROR(AVERAGEIFS(표16[specialty_cagr],표16[specialty_category],$B87,표16[end_use_category],F$86),"") | G87: =IFERROR(AVERAGEIFS(표16[specialty_cagr],표16[specialty_category],$B87,표16[end_use_category],G$86),"") | H87: =IFERROR(AVERAGEIFS(표16[specialty_cagr],표16[specialty_category],$B87,표16[end_use_category],H$86),"") | I87: =IFERROR(AVERAGEIFS(표16[specialty_cagr],표16[specialty_category],$B87,표16[end_use_category],I$86),"") | J87: =IFERROR(AVERAGEIFS(표16[specialty_cagr],표16[specialty_category],$B87,표16[end_use_category],J$86),"") | K87: =IFERROR(AVERAGEIFS(표16[specialty_cagr],표16[specialty_category],$B87,표16[end_use_category],K$86),"") | L87: =IFERROR(AVERAGEIFS(표16[specialty_cagr],표16[specialty_category],$B87,표16[end_use_category],L$86),"") -> 0.070838454
B88: Display materials | C88: LCD/OLED 등 평판디스플레이(FPD) 제조에 사용되는 소재·화학 산업 | D88: =_xlfn.XLOOKUP(B88,Sheet8!$A$4:$A$33,Sheet8!$B$4:$B$33) -> 0.029390726 | E88: =IFERROR(AVERAGEIFS(표16[specialty_cagr],표16[specialty_category],$B88,표16[end_use_category],E$86),"") | F88: =IFERROR(AVERAGEIFS(표16[specialty_cagr],표16[specialty_category],$B88,표16[end_use_category],F$86),"") | G88: =IFERROR(AVERAGEIFS(표16[specialty_cagr],표16[specialty_category],$B88,표16[end_use_category],G$86),"") | H88: =IFERROR(AVERAGEIFS(표16[specialty_cagr],표16[specialty_category],$B88,표16[end_use_category],H$86),"") | I88: =IFERROR(AVERAGEIFS(표16[specialty_cagr],표16[specialty_category],$B88,표16[end_use_category],I$86),"") | J88: =IFERROR(AVERAGEIFS(표16[specialty_cagr],표16[specialty_category],$B88,표16[end_use_category],J$86),"") | K88: =IFERROR(AVERAGEIFS(표16[specialty_cagr],표16[specialty_category],$B88,표16[end_use_category],K$86),"") | L88: =IFERROR(AVERAGEIFS(표16[specialty_cagr],표16[specialty_category],$B88,표16[end_use_category],L$86),"") -> 0.029390726
B89: Printed circuit boards and packaging | C89: PCB 및 반도체 패키징 제조에 사용되는 전자화학 소재 산업 | D89: =_xlfn.XLOOKUP(B89,Sheet8!$A$4:$A$33,Sheet8!$B$4:$B$33) -> 0.059094947 | E89: =IFERROR(AVERAGEIFS(표16[specialty_cagr],표16[specialty_category],$B89,표16[end_use_category],E$86),"") | F89: =IFERROR(AVERAGEIFS(표16[specialty_cagr],표16[specialty_category],$B89,표16[end_use_category],F$86),"") | G89: =IFERROR(AVERAGEIFS(표16[specialty_cagr],표16[specialty_category],$B89,표16[end_use_category],G$86),"") | H89: =IFERROR(AVERAGEIFS(표16[specialty_cagr],표16[specialty_category],$B89,표16[end_use_category],H$86),"") | I89: =IFERROR(AVERAGEIFS(표16[specialty_cagr],표16[specialty_category],$B89,표16[end_use_category],I$86),"") | J89: =IFERROR(AVERAGEIFS(표16[specialty_cagr],표16[specialty_category],$B89,표16[end_use_category],J$86),"") | K89: =IFERROR(AVERAGEIFS(표16[specialty_cagr],표16[specialty_category],$B89,표16[end_use_category],K$86),"") | L89: =IFERROR(AVERAGEIFS(표16[specialty_cagr],표16[specialty_category],$B89,표16[end_use_category],L$86),"") -> 0.059094947
B90: Nutraceutical ingredients | C90: 건강기능식품·기능성 식품에 사용되는 기능성 원료 산업 | D90: =_xlfn.XLOOKUP(B90,Sheet8!$A$4:$A$33,Sheet8!$B$4:$B$33) -> 0.040228777 | E90: =IFERROR(AVERAGEIFS(표16[specialty_cagr],표16[specialty_category],$B90,표16[end_use_category],E$86),"") | F90: =IFERROR(AVERAGEIFS(표16[specialty_cagr],표16[specialty_category],$B90,표16[end_use_category],F$86),"") | G90: =IFERROR(AVERAGEIFS(표16[specialty_cagr],표16[specialty_category],$B90,표16[end_use_category],G$86),"") | H90: =IFERROR(AVERAGEIFS(표16[specialty_cagr],표16[specialty_category],$B90,표16[end_use_category],H$86),"") | I90: =IFERROR(AVERAGEIFS(표16[specialty_cagr],표16[specialty_category],$B90,표16[end_use_category],I$86),"") -> 0.040228777 | J90: =IFERROR(AVERAGEIFS(표16[specialty_cagr],표16[specialty_category],$B90,표16[end_use_category],J$86),"") | K90: =IFERROR(AVERAGEIFS(표16[specialty_cagr],표16[specialty_category],$B90,표16[end_use_category],K$86),"") | L90: =IFERROR(AVERAGEIFS(표16[specialty_cagr],표16[specialty_category],$B90,표16[end_use_category],L$86),"")
B91: High-performance thermoplastics | C91: 고온·고내열·고강도 특성을 가진 고성능 엔지니어링 플라스틱 산업 | D91: =_xlfn.XLOOKUP(B91,Sheet8!$A$4:$A$33,Sheet8!$B$4:$B$33) -> 0.034040616 | E91: =IFERROR(AVERAGEIFS(표16[specialty_cagr],표16[specialty_category],$B91,표16[end_use_category],E$86),"") -> 0.034040616 | F91: =IFERROR(AVERAGEIFS(표16[specialty_cagr],표16[specialty_category],$B91,표16[end_use_category],F$86),"") | G91: =IFERROR(AVERAGEIFS(표16[specialty_cagr],표16[specialty_category],$B91,표16[end_use_category],G$86),"") -> 0.034040616 | H91: =IFERROR(AVERAGEIFS(표16[specialty_cagr],표16[specialty_category],$B91,표16[end_use_category],H$86),"") | I91: =IFERROR(AVERAGEIFS(표16[specialty_cagr],표16[specialty_category],$B91,표16[end_use_category],I$86),"") -> 0.034040616 | J91: =IFERROR(AVERAGEIFS(표16[specialty_cagr],표16[specialty_category],$B91,표16[end_use_category],J$86),"") | K91: =IFERROR(AVERAGEIFS(표16[specialty_cagr],표16[specialty_category],$B91,표16[end_use_category],K$86),"") -> 0.034040616 | L91: =IFERROR(AVERAGEIFS(표16[specialty_cagr],표16[specialty_category],$B91,표16[end_use_category],L$86),"") -> 0.034040616
B92: Compounded engineering thermoplastics | C92: 엔지니어링 플라스틱에 첨가제·보강재를 넣어 성능을 맞춤화하는 컴파운딩 산업 | D92: =_xlfn.XLOOKUP(B92,Sheet8!$A$4:$A$33,Sheet8!$B$4:$B$33) -> 0.031736002 | E92: =IFERROR(AVERAGEIFS(표16[specialty_cagr],표16[specialty_category],$B92,표16[end_use_category],E$86),"") | F92: =IFERROR(AVERAGEIFS(표16[specialty_cagr],표16[specialty_category],$B92,표16[end_use_category],F$86),"") | G92: =IFERROR(AVERAGEIFS(표16[specialty_cagr],표16[specialty_category],$B92,표16[end_use_category],G$86),"") -> 0.031736002 | H92: =IFERROR(AVERAGEIFS(표16[specialty_cagr],표16[specialty_category],$B92,표16[end_use_category],H$86),"") | I92: =IFERROR(AVERAGEIFS(표16[specialty_cagr],표16[specialty_category],$B92,표16[end_use_category],I$86),"") | J92: =IFERROR(AVERAGEIFS(표16[specialty_cagr],표16[specialty_category],$B92,표16[end_use_category],J$86),"") | K92: =IFERROR(AVERAGEIFS(표16[specialty_cagr],표16[specialty_category],$B92,표16[end_use_category],K$86),"") -> 0.031736002 | L92: =IFERROR(AVERAGEIFS(표16[specialty_cagr],표16[specialty_category],$B92,표16[end_use_category],L$86),"") -> 0.031736002
B93: Specialty films | C93: 기능성·고성능 플라스틱 필름 산업 | D93: =_xlfn.XLOOKUP(B93,Sheet8!$A$4:$A$33,Sheet8!$B$4:$B$33) -> 0.029377151 | E93: =IFERROR(AVERAGEIFS(표16[specialty_cagr],표16[specialty_category],$B93,표16[end_use_category],E$86),"") | F93: =IFERROR(AVERAGEIFS(표16[specialty_cagr],표16[specialty_category],$B93,표16[end_use_category],F$86),"") -> 0.029377151 | G93: =IFERROR(AVERAGEIFS(표16[specialty_cagr],표16[specialty_category],$B93,표16[end_use_category],G$86),"") | H93: =IFERROR(AVERAGEIFS(표16[specialty_cagr],표16[specialty_category],$B93,표16[end_use_category],H$86),"") | I93: =IFERROR(AVERAGEIFS(표16[specialty_cagr],표16[specialty_category],$B93,표16[end_use_category],I$86),"") -> 0.029377151 | J93: =IFERROR(AVERAGEIFS(표16[specialty_cagr],표16[specialty_category],$B93,표16[end_use_category],J$86),"") -> 0.029377151 | K93: =IFERROR(AVERAGEIFS(표16[specialty_cagr],표16[specialty_category],$B93,표16[end_use_category],K$86),"") | L93: =IFERROR(AVERAGEIFS(표16[specialty_cagr],표16[specialty_category],$B93,표16[end_use_category],L$86),"") -> 0.029377151
B94: Coatings, radiation curable | C94: UV/전자빔(EB)으로 순간 경화되는 특수 코팅·잉크·접착제 산업 | D94: =_xlfn.XLOOKUP(B94,Sheet8!$A$4:$A$33,Sheet8!$B$4:$B$33) -> 0.036406497 | E94: =IFERROR(AVERAGEIFS(표16[specialty_cagr],표16[specialty_category],$B94,표16[end_use_category],E$86),"") | F94: =IFERROR(AVERAGEIFS(표16[specialty_cagr],표16[specialty_category],$B94,표16[end_use_category],F$86),"") -> 0.036406497 | G94: =IFERROR(AVERAGEIFS(표16[specialty_cagr],표16[specialty_category],$B94,표16[end_use_category],G$86),"") | H94: =IFERROR(AVERAGEIFS(표16[specialty_cagr],표16[specialty_category],$B94,표16[end_use_category],H$86),"") | I94: =IFERROR(AVERAGEIFS(표16[specialty_cagr],표16[specialty_category],$B94,표16[end_use_category],I$86),"") | J94: =IFERROR(AVERAGEIFS(표16[specialty_cagr],표16[specialty_category],$B94,표16[end_use_category],J$86),"") | K94: =IFERROR(AVERAGEIFS(표16[specialty_cagr],표16[specialty_category],$B94,표16[end_use_category],K$86),"") -> 0.036406497 | L94: =IFERROR(AVERAGEIFS(표16[specialty_cagr],표16[specialty_category],$B94,표16[end_use_category],L$86),"") -> 0.036406497
B95: Coatings, thermosetting powder | C95: 용제 없이 분말 형태로 도장 후 열경화되는 친환경 코팅 산업 | D95: =_xlfn.XLOOKUP(B95,Sheet8!$A$4:$A$33,Sheet8!$B$4:$B$33) -> 0.032355537 | E95: =IFERROR(AVERAGEIFS(표16[specialty_cagr],표16[specialty_category],$B95,표16[end_use_category],E$86),"") -> 0.032355537 | F95: =IFERROR(AVERAGEIFS(표16[specialty_cagr],표16[specialty_category],$B95,표16[end_use_category],F$86),"") | G95: =IFERROR(AVERAGEIFS(표16[specialty_cagr],표16[specialty_category],$B95,표16[end_use_category],G$86),"") -> 0.032355537 | H95: =IFERROR(AVERAGEIFS(표16[specialty_cagr],표16[specialty_category],$B95,표16[end_use_category],H$86),"") | I95: =IFERROR(AVERAGEIFS(표16[specialty_cagr],표16[specialty_category],$B95,표16[end_use_category],I$86),"") | J95: =IFERROR(AVERAGEIFS(표16[specialty_cagr],표16[specialty_category],$B95,표16[end_use_category],J$86),"") | K95: =IFERROR(AVERAGEIFS(표16[specialty_cagr],표16[specialty_category],$B95,표16[end_use_category],K$86),"") -> 0.032355537 | L95: =IFERROR(AVERAGEIFS(표16[specialty_cagr],표16[specialty_category],$B95,표16[end_use_category],L$86),"")
B96: Coatings, high-performance anticorrosion | C96: 철강·콘크리트·선박을 부식 환경으로부터 보호하는 코팅 산업 | D96: =_xlfn.XLOOKUP(B96,Sheet8!$A$4:$A$33,Sheet8!$B$4:$B$33) -> 0.012810807 | E96: =IFERROR(AVERAGEIFS(표16[specialty_cagr],표16[specialty_category],$B96,표16[end_use_category],E$86),"") -> 0.012810807 | F96: =IFERROR(AVERAGEIFS(표16[specialty_cagr],표16[specialty_category],$B96,표16[end_use_category],F$86),"") | G96: =IFERROR(AVERAGEIFS(표16[specialty_cagr],표16[specialty_category],$B96,표16[end_use_category],G$86),"") | H96: =IFERROR(AVERAGEIFS(표16[specialty_cagr],표16[specialty_category],$B96,표16[end_use_category],H$86),"") -> 0.012810807 | I96: =IFERROR(AVERAGEIFS(표16[specialty_cagr],표16[specialty_category],$B96,표16[end_use_category],I$86),"") | J96: =IFERROR(AVERAGEIFS(표16[specialty_cagr],표16[specialty_category],$B96,표16[end_use_category],J$86),"") | K96: =IFERROR(AVERAGEIFS(표16[specialty_cagr],표16[specialty_category],$B96,표16[end_use_category],K$86),"") -> 0.012810807 | L96: =IFERROR(AVERAGEIFS(표16[specialty_cagr],표16[specialty_category],$B96,표16[end_use_category],L$86),"")
B97: Green power materials | C97: 태양광·풍력 설비 제조에 사용되는 친환경 에너지 소재 산업 | D97: =_xlfn.XLOOKUP(B97,Sheet8!$A$4:$A$33,Sheet8!$B$4:$B$33) -> 0.048304526 | E97: =IFERROR(AVERAGEIFS(표16[specialty_cagr],표16[specialty_category],$B97,표16[end_use_category],E$86),"") | F97: =IFERROR(AVERAGEIFS(표16[specialty_cagr],표16[specialty_category],$B97,표16[end_use_category],F$86),"") | G97: =IFERROR(AVERAGEIFS(표16[specialty_cagr],표16[specialty_category],$B97,표16[end_use_category],G$86),"") | H97: =IFERROR(AVERAGEIFS(표16[specialty_cagr],표16[specialty_category],$B97,표16[end_use_category],H$86),"") -> 0.048304526 | I97: =IFERROR(AVERAGEIFS(표16[specialty_cagr],표16[specialty_category],$B97,표16[end_use_category],I$86),"") | J97: =IFERROR(AVERAGEIFS(표16[specialty_cagr],표16[specialty_category],$B97,표16[end_use_category],J$86),"") | K97: =IFERROR(AVERAGEIFS(표16[specialty_cagr],표16[specialty_category],$B97,표16[end_use_category],K$86),"") | L97: =IFERROR(AVERAGEIFS(표16[specialty_cagr],표16[specialty_category],$B97,표16[end_use_category],L$86),"")
B98: Water management chemicals | C98: 정수·폐수·재이용 공정에 사용되는 수처리 특수화학 산업 | D98: =_xlfn.XLOOKUP(B98,Sheet8!$A$4:$A$33,Sheet8!$B$4:$B$33) -> 0.030939657 | E98: =IFERROR(AVERAGEIFS(표16[specialty_cagr],표16[specialty_category],$B98,표16[end_use_category],E$86),"") -> 0.030939657 | F98: =IFERROR(AVERAGEIFS(표16[specialty_cagr],표16[specialty_category],$B98,표16[end_use_category],F$86),"") | G98: =IFERROR(AVERAGEIFS(표16[specialty_cagr],표16[specialty_category],$B98,표16[end_use_category],G$86),"") | H98: =IFERROR(AVERAGEIFS(표16[specialty_cagr],표16[specialty_category],$B98,표16[end_use_category],H$86),"") -> 0.030939657 | I98: =IFERROR(AVERAGEIFS(표16[specialty_cagr],표16[specialty_category],$B98,표16[end_use_category],I$86),"") | J98: =IFERROR(AVERAGEIFS(표16[specialty_cagr],표16[specialty_category],$B98,표16[end_use_category],J$86),"") -> 0.030939657 | K98: =IFERROR(AVERAGEIFS(표16[specialty_cagr],표16[specialty_category],$B98,표16[end_use_category],K$86),"") -> 0.030939657 | L98: =IFERROR(AVERAGEIFS(표16[specialty_cagr],표16[specialty_category],$B98,표16[end_use_category],L$86),"")
... B116: Emission control | C116: 배출가스 저감 촉매 산업 | D116: =_xlfn.XLOOKUP(B116,Sheet8!$A$4:$A$33,Sheet8!$B$4:$B$33) -> -0.040973241 | E116: =IFERROR(AVERAGEIFS(표16[specialty_cagr],표16[specialty_category],$B116,표16[end_use_category],E$86),"") | F116: =IFERROR(AVERAGEIFS(표16[specialty_cagr],표16[specialty_category],$B116,표16[end_use_category],F$86),"") | G116: =IFERROR(AVERAGEIFS(표16[specialty_cagr],표16[specialty_category],$B116,표16[end_use_category],G$86),"") -> -0.040973241 | H116: =IFERROR(AVERAGEIFS(표16[specialty_cagr],표16[specialty_category],$B116,표16[end_use_category],H$86),"") -> -0.040973241 | I116: =IFERROR(AVERAGEIFS(표16[specialty_cagr],표16[specialty_category],$B116,표16[end_use_category],I$86),"") | J116: =IFERROR(AVERAGEIFS(표16[specialty_cagr],표16[specialty_category],$B116,표16[end_use_category],J$86),"") | K116: =IFERROR(AVERAGEIFS(표16[specialty_cagr],표16[specialty_category],$B116,표16[end_use_category],K$86),"") | L116: =IFERROR(AVERAGEIFS(표16[specialty_cagr],표16[specialty_category],$B116,표16[end_use_category],L$86),"")

Sheet rating
A1: importance | B1: rating
A2: Primary | B2: 0.6
A3: Secondary | B3: 0.3
A4: Niche / Emerging | B4: 0.1
A5: norm_count | B5: 0.25
A6: norm_avg | B6: 0.5
A7: norm_max | B7: 0.25
A8: stategy_12 | B8: 0.7
A9: stategy_50 | B9: 0.3

Sheet Sheet5
B1: =_xlfn.XLOOKUP(B4,표13[end_use_category],표13[end_use_att]) -> 1.1388744 | C1: =_xlfn.XLOOKUP(C4,표13[end_use_category],표13[end_use_att]) -> 2.3451012 | D1: =_xlfn.XLOOKUP(D4,표13[end_use_category],표13[end_use_att]) -> 0.8055753 | E1: =_xlfn.XLOOKUP(E4,표13[end_use_category],표13[end_use_att]) -> 1.5528526 | F1: =_xlfn.XLOOKUP(F4,표13[end_use_category],표13[end_use_att]) -> 4.1622727 | G1: =_xlfn.XLOOKUP(G4,표13[end_use_category],표13[end_use_att]) -> 2.319287 | H1: =_xlfn.XLOOKUP(H4,표13[end_use_category],표13[end_use_att]) -> 2.2155187 | I1: =_xlfn.XLOOKUP(I4,표13[end_use_category],표13[end_use_att]) -> 3.3653125
B2: =(B1-MIN($B$1:$I$1))/(MAX($B$1:$I$1)-MIN($B$1:$I$1))*10 -> 0.99293751 | C2: =(C1-MIN($B$1:$I$1))/(MAX($B$1:$I$1)-MIN($B$1:$I$1))*10 -> 4.5864305 | D2: =(D1-MIN($B$1:$I$1))/(MAX($B$1:$I$1)-MIN($B$1:$I$1))*10 -> 0 | E2: =(E1-MIN($B$1:$I$1))/(MAX($B$1:$I$1)-MIN($B$1:$I$1))*10 -> 2.2262278 | F2: =(F1-MIN($B$1:$I$1))/(MAX($B$1:$I$1)-MIN($B$1:$I$1))*10 -> 10 | G2: =(G1-MIN($B$1:$I$1))/(MAX($B$1:$I$1)-MIN($B$1:$I$1))*10 -> 4.5095268 | H2: =(H1-MIN($B$1:$I$1))/(MAX($B$1:$I$1)-MIN($B$1:$I$1))*10 -> 4.2003887 | I2: =(I1-MIN($B$1:$I$1))/(MAX($B$1:$I$1)-MIN($B$1:$I$1))*10 -> 7.6257608
A3: 최대 : rating | B3: 열 레이블
A4: 행 레이블 | B4: Agriculture | C4: Automotive & Future Mobility | D4: Construction & Infrastructure | E4: Consumer Products & Packaging | F4: Electronics, Semiconductors & Digital Infrastructure | G4: Energy, Power & Utilities | H4: Healthcare & Life Sciences | I4: Industrial Goods & Advanced Manufacturing | J4: 총합계 | L4: material_id | M4: material_name | N4: end_use_att
A5: M002 | C5: 0.3 | D5: 0.6 | E5: 0.6 | J5: 0.6 | L5: M002 | M5: =_xlfn.XLOOKUP(L5,표2[material_id],표2[material_name]) -> HDPE | N5: =SUMPRODUCT($B$2:$I$2,B5:I5) -> 2.7116658
A6: M003 | D6: 0.1 | E6: 0.6 | G6: 0.3 | I6: 0.1 | J6: 0.6 | L6: M003 | M6: =_xlfn.XLOOKUP(L6,표2[material_id],표2[material_name]) -> LDPE | N6: =SUMPRODUCT($B$2:$I$2,B6:I6) -> 3.4511708
A7: M004 | B7: 0.3 | E7: 0.6 | G7: 0.1 | J7: 0.6 | L7: M004 | M7: =_xlfn.XLOOKUP(L7,표2[material_id],표2[material_name]) -> LLDPE | N7: =SUMPRODUCT($B$2:$I$2,B7:I7) -> 2.0845706
A8: M005 | I8: 0.6 | J8: 0.6 | L8: M005 | M8: =_xlfn.XLOOKUP(L8,표2[material_id],표2[material_name]) -> EDC | N8: =SUMPRODUCT($B$2:$I$2,B8:I8) -> 4.5754565
A9: M006 | I9: 0.6 | J9: 0.6 | L9: M006 | M9: =_xlfn.XLOOKUP(L9,표2[material_id],표2[material_name]) -> VCM | N9: =SUMPRODUCT($B$2:$I$2,B9:I9) -> 4.5754565
A10: M007 | D10: 0.6 | E10: 0.3 | G10: 0.3 | H10: 0.1 | I10: 0.1 | J10: 0.6 | L10: M007 | M10: =_xlfn.XLOOKUP(L10,표2[material_id],표2[material_name]) -> PVC | N10: =SUMPRODUCT($B$2:$I$2,B10:I10) -> 3.2033413
A11: M008 | G11: 0.6 | I11: 0.3 | J11: 0.6 | L11: M008 | M11: =_xlfn.XLOOKUP(L11,표2[material_id],표2[material_name]) -> Ethanol | N11: =SUMPRODUCT($B$2:$I$2,B11:I11) -> 4.9934443
A12: M010 | E12: 0.3 | I12: 0.6 | J12: 0.6 | L12: M010 | M12: =_xlfn.XLOOKUP(L12,표2[material_id],표2[material_name]) -> Ethyl acetate | N12: =SUMPRODUCT($B$2:$I$2,B12:I12) -> 5.2433248
A13: M012 | E13: 0.3 | I13: 0.6 | J13: 0.6 | L13: M012 | M13: =_xlfn.XLOOKUP(L13,표2[material_id],표2[material_name]) -> EO | N13: =SUMPRODUCT($B$2:$I$2,B13:I13) -> 5.2433248
A14: M014 | D14: 0.3 | E14: 0.3 | G14: 0.6 | I14: 0.6 | J14: 0.6 | L14: M014 | M14: =_xlfn.XLOOKUP(L14,표2[material_id],표2[material_name]) -> MEA | N14: =SUMPRODUCT($B$2:$I$2,B14:I14) -> 7.9490409
A15: M015 | B15: 0.6 | D15: 0.3 | E15: 0.3 | I15: 0.1 | J15: 0.6 | L15: M015 | M15: =_xlfn.XLOOKUP(L15,표2[material_id],표2[material_name]) -> DEA | N15: =SUMPRODUCT($B$2:$I$2,B15:I15) -> 2.0262069
A16: M016 | D16: 0.6 | E16: 0.6 | I16: 0.3 | J16: 0.6 | L16: M016 | M16: =_xlfn.XLOOKUP(L16,표2[material_id],표2[material_name]) -> TEA | N16: =SUMPRODUCT($B$2:$I$2,B16:I16) -> 3.6234649
A17: M017 | C17: 0.3 | E17: 0.6 | J17: 0.6 | L17: M017 | M17: =_xlfn.XLOOKUP(L17,표2[material_id],표2[material_name]) -> MEG | N17: =SUMPRODUCT($B$2:$I$2,B17:I17) -> 2.7116658
A18: M019 | E18: 0.3 | I18: 0.6 | J18: 0.6 | L18: M019 | M18: =_xlfn.XLOOKUP(L18,표2[material_id],표2[material_name]) -> VAM | N18: =SUMPRODUCT($B$2:$I$2,B18:I18) -> 5.2433248
A19: M021 | C19: 0.1 | E19: 0.6 | I19: 0.6 | J19: 0.6 | L19: M021 | M19: =_xlfn.XLOOKUP(L19,표2[material_id],표2[material_name]) -> AN | N19: =SUMPRODUCT($B$2:$I$2,B19:I19) -> 6.3698362
A20: M022 | C20: 0.3 | D20: 0.3 | E20: 0.6 | F20: 0.6 | I20: 0.3 | J20: 0.6 | L20: M022 | M20: =_xlfn.XLOOKUP(L20,표2[material_id],표2[material_name]) -> ABS | N20: =SUMPRODUCT($B$2:$I$2,B20:I20) -> 10.999394
A21: M023 | C21: 0.1 | E21: 0.6 | H21: 0.1 | I21: 0.6 | J21: 0.6 | L21: M023 | M21: =_xlfn.XLOOKUP(L21,표2[material_id],표2[material_name]) -> SAN | N21: =SUMPRODUCT($B$2:$I$2,B21:I21) -> 6.789875
A22: M024 | C22: 0.6 | G22: 0.3 | H22: 0.6 | I22: 0.3 | J22: 0.6 | L22: M024 | M22: =_xlfn.XLOOKUP(L22,표2[material_id],표2[material_name]) -> NBR | N22: =SUMPRODUCT($B$2:$I$2,B22:I22) -> 8.9126778
A23: M025 | C23: 0.6 | D23: 0.3 | E23: 0.6 | F23: 0.1 | G23: 0.3 | H23: 0.3 | J23: 0.6 | L23: M025 | M23: =_xlfn.XLOOKUP(L23,표2[material_id],표2[material_name]) -> PP | N23: =SUMPRODUCT($B$2:$I$2,B23:I23) -> 7.7005696
A24: M026 | F24: 0.3 | I24: 0.6 | J24: 0.6 | L24: M026 | M24: =_xlfn.XLOOKUP(L24,표2[material_id],표2[material_name]) -> PO | N24: =SUMPRODUCT($B$2:$I$2,B24:I24) -> 7.5754565
A25: M027 | D25: 0.6 | E25: 0.3 | H25: 0.3 | I25: 0.3 | J25: 0.6 | L25: M027 | M25: =_xlfn.XLOOKUP(L25,표2[material_id],표2[material_name]) -> PG | N25: =SUMPRODUCT($B$2:$I$2,B25:I25) -> 4.2157132
A26: M028 | C26: 0.3 | D26: 0.6 | E26: 0.6 | I26: 0.3 | J26: 0.6 | L26: M028 | M26: =_xlfn.XLOOKUP(L26,표2[material_id],표2[material_name]) -> PPG | N26: =SUMPRODUCT($B$2:$I$2,B26:I26) -> 4.999394
A27: M029 | D27: 0.6 | E27: 0.3 | I27: 0.6 | J27: 0.6 | L27: M029 | M27: =_xlfn.XLOOKUP(L27,표2[material_id],표2[material_name]) -> Polyols | N27: =SUMPRODUCT($B$2:$I$2,B27:I27) -> 5.2433248
A28: M030 | C28: 0.3 | D28: 0.6 | E28: 0.6 | G28: 0.1 | H28: 0.1 | I28: 0.3 | J28: 0.6 | L28: M030 | M28: =_xlfn.XLOOKUP(L28,표2[material_id],표2[material_name]) -> PU | N28: =SUMPRODUCT($B$2:$I$2,B28:I28) -> 5.8703856
A29: M031 | E29: 0.6 | I29: 0.6 | J29: 0.6 | L29: M031 | M29: =_xlfn.XLOOKUP(L29,표2[material_id],표2[material_name]) -> Acrylic acid | N29: =SUMPRODUCT($B$2:$I$2,B29:I29) -> 5.9111931
A30: M033 | D30: 0.6 | E30: 0.6 | I30: 0.3 | J30: 0.6 | L30: M033 | M30: =_xlfn.XLOOKUP(L30,표2[material_id],표2[material_name]) -> Acrylate ester | N30: =SUMPRODUCT($B$2:$I$2,B30:I30) -> 3.6234649
A31: M034 | B31: 0.1 | E31: 0.6 | H31: 0.3 | J31: 0.6 | L31: M034 | M31: =_xlfn.XLOOKUP(L31,표2[material_id],표2[material_name]) -> SAP | N31: =SUMPRODUCT($B$2:$I$2,B31:I31) -> 2.695147
A32: M035 | I32: 0.6 | J32: 0.6 | L32: M035 | M32: =_xlfn.XLOOKUP(L32,표2[material_id],표2[material_name]) -> n-Butyraldehyde | N32: =SUMPRODUCT($B$2:$I$2,B32:I32) -> 4.5754565
A33: M036 | D33: 0.6 | I33: 0.6 | J33: 0.6 | L33: M036 | M33: =_xlfn.XLOOKUP(L33,표2[material_id],표2[material_name]) -> 2-Ethylhexanol | N33: =SUMPRODUCT($B$2:$I$2,B33:I33) -> 4.5754565
A34: M037 | I34: 0.6 | J34: 0.6 | L34: M037 | M34: =_xlfn.XLOOKUP(L34,표2[material_id],표2[material_name]) -> n-Butanol | N34: =SUMPRODUCT($B$2:$I$2,B34:I34) -> 4.5754565
A35: M038 | I35: 0.6 | J35: 0.6 | L35: M038 | M35: =_xlfn.XLOOKUP(L35,표2[material_id],표2[material_name]) -> n-Butyl acetate | N35: =SUMPRODUCT($B$2:$I$2,B35:I35) -> 4.5754565
A36: M039 | I36: 0.6 | J36: 0.6 | L36: M039 | M36: =_xlfn.XLOOKUP(L36,표2[material_id],표2[material_name]) -> Isobutanol | N36: =SUMPRODUCT($B$2:$I$2,B36:I36) -> 4.5754565
A37: M040 | I37: 0.6 | J37: 0.6 | L37: M040 | M37: =_xlfn.XLOOKUP(L37,표2[material_id],표2[material_name]) -> Isobutyl acetate | N37: =SUMPRODUCT($B$2:$I$2,B37:I37) -> 4.5754565
A38: M041 | E38: 0.3 | F38: 0.1 | H38: 0.3 | I38: 0.6 | J38: 0.6 | L38: M041 | M38: =_xlfn.XLOOKUP(L38,표2[material_id],표2[material_name]) -> IPA | N38: =SUMPRODUCT($B$2:$I$2,B38:I38) -> 7.5034414
A39: M042 | E39: 0.1 | I39: 0.6 | J39: 0.6 | L39: M042 | M39: =_xlfn.XLOOKUP(L39,표2[material_id],표2[material_name]) -> Isopropyl acetate | N39: =SUMPRODUCT($B$2:$I$2,B39:I39) -> 4.7980792
A40: M043 | I40: 0.6 | J40: 0.6 | L40: M043 | M40: =_xlfn.XLOOKUP(L40,표2[material_id],표2[material_name]) -> Butadiene | N40: =SUMPRODUCT($B$2:$I$2,B40:I40) -> 4.5754565
A41: M044 | C41: 0.6 | E41: 0.3 | I41: 0.3 | J41: 0.6 | L41: M044 | M41: =_xlfn.XLOOKUP(L41,표2[material_id],표2[material_name]) -> BR | N41: =SUMPRODUCT($B$2:$I$2,B41:I41) -> 5.7074548
A42: M045 | C42: 0.6 | E42: 0.1 | I42: 0.3 | J42: 0.6 | L42: M045 | M42: =_xlfn.XLOOKUP(L42,표2[material_id],표2[material_name]) -> SBR | N42: =SUMPRODUCT($B$2:$I$2,B42:I42) -> 5.2622093
A43: M046 | G43: 0.3 | I43: 0.6 | J43: 0.6 | L43: M046 | M43: =_xlfn.XLOOKUP(L43,표2[material_id],표2[material_name]) -> Isobutylene | N43: =SUMPRODUCT($B$2:$I$2,B43:I43) -> 5.9283145
A44: M047 | G44: 0.3 | I44: 0.6 | J44: 0.6 | L44: M047 | M44: =_xlfn.XLOOKUP(L44,표2[material_id],표2[material_name]) -> PIB | N44: =SUMPRODUCT($B$2:$I$2,B44:I44) -> 5.9283145
A45: M048 | D45: 0.6 | E45: 0.3 | J45: 0.6 | L45: M048 | M45: =_xlfn.XLOOKUP(L45,표2[material_id],표2[material_name]) -> PB-1 | N45: =SUMPRODUCT($B$2:$I$2,B45:I45) -> 0.66786833
A46: M049 | G46: 0.6 | H46: 0.1 | I46: 0.3 | J46: 0.6 | L46: M049 | M46: =_xlfn.XLOOKUP(L46,표2[material_id],표2[material_name]) -> MTBE | N46: =SUMPRODUCT($B$2:$I$2,B46:I46) -> 5.4134832
A47: M050 | C47: 0.6 | H47: 0.3 | I47: 0.3 | J47: 0.6 | L47: M050 | M47: =_xlfn.XLOOKUP(L47,표2[material_id],표2[material_name]) -> Butyl rubber | N47: =SUMPRODUCT($B$2:$I$2,B47:I47) -> 6.2997031
A48: M052 | E48: 0.6 | I48: 0.3 | J48: 0.6 | L48: M052 | M48: =_xlfn.XLOOKUP(L48,표2[material_id],표2[material_name]) -> 1-Butene | N48: =SUMPRODUCT($B$2:$I$2,B48:I48) -> 3.6234649
A49: M055 | I49: 0.6 | J49: 0.6 | L49: M055 | M49: =_xlfn.XLOOKUP(L49,표2[material_id],표2[material_name]) -> Ethylbenzene | N49: =SUMPRODUCT($B$2:$I$2,B49:I49) -> 4.5754565
A50: M056 | C50: 0.6 | D50: 0.6 | E50: 0.6 | I50: 0.3 | J50: 0.6 | L50: M056 | M50: =_xlfn.XLOOKUP(L50,표2[material_id],표2[material_name]) -> Styrene | N50: =SUMPRODUCT($B$2:$I$2,B50:I50) -> 6.3753232
A51: M057 | D51: 0.3 | E51: 0.6 | F51: 0.6 | H51: 0.1 | J51: 0.6 | L51: M057 | M51: =_xlfn.XLOOKUP(L51,표2[material_id],표2[material_name]) -> PS | N51: =SUMPRODUCT($B$2:$I$2,B51:I51) -> 7.7557755
A52: M058 | I52: 0.6 | J52: 0.6 | L52: M058 | M52: =_xlfn.XLOOKUP(L52,표2[material_id],표2[material_name]) -> Cumene | N52: =SUMPRODUCT($B$2:$I$2,B52:I52) -> 4.5754565
A53: M059 | C53: 0.3 | D53: 0.6 | I53: 0.6 | J53: 0.6 | L53: M059 | M53: =_xlfn.XLOOKUP(L53,표2[material_id],표2[material_name]) -> Phenol | N53: =SUMPRODUCT($B$2:$I$2,B53:I53) -> 5.9513856
A54: M060 | I54: 0.6 | J54: 0.6 | L54: M060 | M54: =_xlfn.XLOOKUP(L54,표2[material_id],표2[material_name]) -> Acetone | N54: =SUMPRODUCT($B$2:$I$2,B54:I54) -> 4.5754565
A55: M061 | I55: 0.6 | J55: 0.6 | L55: M061 | M55: =_xlfn.XLOOKUP(L55,표2[material_id],표2[material_name]) -> BPA | N55: =SUMPRODUCT($B$2:$I$2,B55:I55) -> 4.5754565
A56: M062 | C56: 0.6 | D56: 0.3 | E56: 0.3 | F56: 0.6 | H56: 0.1 | J56: 0.6 | L56: M062 | M56: =_xlfn.XLOOKUP(L56,표2[material_id],표2[material_name]) -> PC | N56: =SUMPRODUCT($B$2:$I$2,B56:I56) -> 9.8397655
A57: M063 | C57: 0.3 | D57: 0.3 | F57: 0.6 | I57: 0.6 | J57: 0.6 | L57: M063 | M57: =_xlfn.XLOOKUP(L57,표2[material_id],표2[material_name]) -> Epoxy resin | N57: =SUMPRODUCT($B$2:$I$2,B57:I57) -> 11.951386
A58: M064 | I58: 0.6 | J58: 0.6 | L58: M064 | M58: =_xlfn.XLOOKUP(L58,표2[material_id],표2[material_name]) -> Cyclohexane | N58: =SUMPRODUCT($B$2:$I$2,B58:I58) -> 4.5754565
A59: M065 | B59: 0.1 | C59: 0.3 | H59: 0.1 | I59: 0.6 | J59: 0.6 | L59: M065 | M59: =_xlfn.XLOOKUP(L59,표2[material_id],표2[material_name]) -> Aniline | N59: =SUMPRODUCT($B$2:$I$2,B59:I59) -> 6.4707182
A60: M066 | E60: 0.6 | I60: 0.6 | J60: 0.6 | L60: M066 | M60: =_xlfn.XLOOKUP(L60,표2[material_id],표2[material_name]) -> LAB | N60: =SUMPRODUCT($B$2:$I$2,B60:I60) -> 5.9111931
A61: M067 | B61: 0.1 | I61: 0.6 | J61: 0.6 | L61: M067 | M61: =_xlfn.XLOOKUP(L61,표2[material_id],표2[material_name]) -> Cyclohexanone | N61: =SUMPRODUCT($B$2:$I$2,B61:I61) -> 4.6747502
A62: M068 | B62: 0.1 | D62: 0.6 | E62: 0.3 | I62: 0.3 | J62: 0.6 | L62: M068 | M62: =_xlfn.XLOOKUP(L62,표2[material_id],표2[material_name]) -> MA | N62: =SUMPRODUCT($B$2:$I$2,B62:I62) -> 3.0548903
A63: M073 | D63: 0.6 | I63: 0.6 | J63: 0.6 | L63: M073 | M63: =_xlfn.XLOOKUP(L63,표2[material_id],표2[material_name]) -> PA | N63: =SUMPRODUCT($B$2:$I$2,B63:I63) -> 4.5754565
A64: M074 | C64: 0.6 | E64: 0.6 | F64: 0.3 | J64: 0.6 | L64: M074 | M64: =_xlfn.XLOOKUP(L64,표2[material_id],표2[material_name]) -> Caprolactam | N64: =SUMPRODUCT($B$2:$I$2,B64:I64) -> 7.0875949
A65: M075 | E65: 0.6 | I65: 0.6 | J65: 0.6 | L65: M075 | M65: =_xlfn.XLOOKUP(L65,표2[material_id],표2[material_name]) -> LAO | N65: =SUMPRODUCT($B$2:$I$2,B65:I65) -> 5.9111931
A66: M077 | C66: 0.6 | I66: 0.6 | J66: 0.6 | L66: M077 | M66: =_xlfn.XLOOKUP(L66,표2[material_id],표2[material_name]) -> PAO | N66: =SUMPRODUCT($B$2:$I$2,B66:I66) -> 7.3273148
A67: M078 | D67: 0.1 | I67: 0.6 | J67: 0.6 | L67: M078 | M67: =_xlfn.XLOOKUP(L67,표2[material_id],표2[material_name]) -> MMA | N67: =SUMPRODUCT($B$2:$I$2,B67:I67) -> 4.5754565
A68: M079 | C68: 0.6 | D68: 0.6 | E68: 0.3 | F68: 0.3 | H68: 0.3 | J68: 0.6 | L68: M079 | M68: =_xlfn.XLOOKUP(L68,표2[material_id],표2[material_name]) -> PMMA | N68: =SUMPRODUCT($B$2:$I$2,B68:I68) -> 7.6798432
A69: M081 | C69: 0.6 | I69: 0.3 | J69: 0.6 | L69: M081 | M69: =_xlfn.XLOOKUP(L69,표2[material_id],표2[material_name]) -> EC | N69: =SUMPRODUCT($B$2:$I$2,B69:I69) -> 5.0395865
A70: M082 | C70: 0.6 | I70: 0.6 | J70: 0.6 | L70: M082 | M70: =_xlfn.XLOOKUP(L70,표2[material_id],표2[material_name]) -> DMC | N70: =SUMPRODUCT($B$2:$I$2,B70:I70) -> 7.3273148
A71: M083 | C71: 0.6 | E71: 0.3 | I71: 0.6 | J71: 0.6 | L71: M083 | M71: =_xlfn.XLOOKUP(L71,표2[material_id],표2[material_name]) -> PVOH | N71: =SUMPRODUCT($B$2:$I$2,B71:I71) -> 7.9951831
A72: M084 | E72: 0.3 | G72: 0.6 | I72: 0.1 | J72: 0.6 | L72: M084 | M72: =_xlfn.XLOOKUP(L72,표2[material_id],표2[material_name]) -> EVA | N72: =SUMPRODUCT($B$2:$I$2,B72:I72) -> 4.1361605
A73: M085 | D73: 0.6 | E73: 0.3 | I73: 0.3 | J73: 0.6 | L73: M085 | M73: =_xlfn.XLOOKUP(L73,표2[material_id],표2[material_name]) -> MDI | N73: =SUMPRODUCT($B$2:$I$2,B73:I73) -> 2.9555966
A74: M086 | E74: 0.6 | I74: 0.3 | J74: 0.6 | L74: M086 | M74: =_xlfn.XLOOKUP(L74,표2[material_id],표2[material_name]) -> TDI | N74: =SUMPRODUCT($B$2:$I$2,B74:I74) -> 3.6234649
A75: M087 | B75: 0.1 | I75: 0.6 | J75: 0.6 | L75: M087 | M75: =_xlfn.XLOOKUP(L75,표2[material_id],표2[material_name]) -> o-Xylene | N75: =SUMPRODUCT($B$2:$I$2,B75:I75) -> 4.6747502
A76: M088 | I76: 0.6 | J76: 0.6 | L76: M088 | M76: =_xlfn.XLOOKUP(L76,표2[material_id],표2[material_name]) -> m-Xylene | N76: =SUMPRODUCT($B$2:$I$2,B76:I76) -> 4.5754565
A77: M089 | I77: 0.6 | J77: 0.6 | L77: M089 | M77: =_xlfn.XLOOKUP(L77,표2[material_id],표2[material_name]) -> p-Xylene | N77: =SUMPRODUCT($B$2:$I$2,B77:I77) -> 4.5754565
A78: M090 | E78: 0.6 | I78: 0.3 | J78: 0.6 | L78: M090 | M78: =_xlfn.XLOOKUP(L78,표2[material_id],표2[material_name]) -> PIA | N78: =SUMPRODUCT($B$2:$I$2,B78:I78) -> 3.6234649
A79: M091 | E79: 0.6 | F79: 0.1 | I79: 0.1 | J79: 0.6 | L79: M091 | M79: =_xlfn.XLOOKUP(L79,표2[material_id],표2[material_name]) -> TPA | N79: =SUMPRODUCT($B$2:$I$2,B79:I79) -> 3.0983127
A80: M092 | E80: 0.6 | F80: 0.1 | J80: 0.6 | L80: M092 | M80: =_xlfn.XLOOKUP(L80,표2[material_id],표2[material_name]) -> DMT | N80: =SUMPRODUCT($B$2:$I$2,B80:I80) -> 2.3357367
A81: M093 | E81: 0.6 | J81: 0.6 | L81: M093 | M81: =_xlfn.XLOOKUP(L81,표2[material_id],표2[material_name]) -> PET | N81: =SUMPRODUCT($B$2:$I$2,B81:I81) -> 1.3357367
A82: M097 | C82: 0.6 | D82: 0.6 | E82: 0.3 | F82: 0.3 | I82: 0.6 | J82: 0.6 | L82: M097 | M82: =_xlfn.XLOOKUP(L82,표2[material_id],표2[material_name]) -> EPDM | N82: =SUMPRODUCT($B$2:$I$2,B82:I82) -> 10.995183
A83: M098 | C83: 0.1 | I83: 0.6 | J83: 0.6 | L83: M098 | M83: =_xlfn.XLOOKUP(L83,표2[material_id],표2[material_name]) -> ECH | N83: =SUMPRODUCT($B$2:$I$2,B83:I83) -> 5.0340995
A84: M100 | C84: 0.6 | D84: 0.3 | E84: 0.1 | H84: 0.1 | I84: 0.1 | J84: 0.6 | L84: M100 | M84: =_xlfn.XLOOKUP(L84,표2[material_id],표2[material_name]) -> Adipic Acid | N84: =SUMPRODUCT($B$2:$I$2,B84:I84) -> 4.157096
A85: M102 | C85: 0.6 | E85: 0.6 | H85: 0.1 | I85: 0.1 | J85: 0.6 | L85: M102 | M85: =_xlfn.XLOOKUP(L85,표2[material_id],표2[material_name]) -> Isoprene | N85: =SUMPRODUCT($B$2:$I$2,B85:I85) -> 5.2702099
A86: M103 | C86: 0.3 | D86: 0.3 | E86: 0.3 | I86: 0.6 | J86: 0.6 | L86: M103 | M86: =_xlfn.XLOOKUP(L86,표2[material_id],표2[material_name]) -> Piperylene | N86: =SUMPRODUCT($B$2:$I$2,B86:I86) -> 6.6192539
A87: M104 | C87: 0.3 | E87: 0.6 | F87: 0.1 | I87: 0.6 | J87: 0.6 | L87: M104 | M87: =_xlfn.XLOOKUP(L87,표2[material_id],표2[material_name]) -> DCPD | N87: =SUMPRODUCT($B$2:$I$2,B87:I87) -> 8.2871223
A88: M105 | C88: 0.6 | E88: 0.3 | H88: 0.3 | J88: 0.6 | L88: M105 | M88: =_xlfn.XLOOKUP(L88,표2[material_id],표2[material_name]) -> IR | N88: =SUMPRODUCT($B$2:$I$2,B88:I88) -> 4.6798432
A89: M106 | D89: 0.3 | E89: 0.6 | I89: 0.3 | J89: 0.6 | L89: M106 | M89: =_xlfn.XLOOKUP(L89,표2[material_id],표2[material_name]) -> SIS | N89: =SUMPRODUCT($B$2:$I$2,B89:I89) -> 3.6234649
A90: M109 | C90: 0.3 | D90: 0.6 | I90: 0.3 | J90: 0.6 | L90: M107 | M90: =_xlfn.XLOOKUP(L90,표2[material_id],표2[material_name]) -> i-butyraldehyde | N90: =SUMPRODUCT($B$2:$I$2,B90:I90) -> 3.6636574
A91: #N/A | I91: 0.6 | J91: 0.6 | L91: M109 | M91: =_xlfn.XLOOKUP(L91,표2[material_id],표2[material_name]) -> UPR | N91: =SUMPRODUCT($B$2:$I$2,B91:I91) -> 4.5754565
A92: 총합계 | B92: 0.6 | C92: 0.6 | D92: 0.6 | E92: 0.6 | F92: 0.6 | G92: 0.6 | H92: 0.6 | I92: 0.6 | J92: 0.6

Sheet app_master
A1: material_id | B1: app_id | C1: end_use_id | D1: rating | E1: material_name | F1: raw application | G1: application_taxonomy | H1: end_use_industry | I1: importance | J1: reasoning | K1: taxonomy_action | L1: source
A2: =_xlfn.XLOOKUP(표14[[#This Row],[material_name]],표2[material_name],표2[material_id]) -> M002 | B2: =_xlfn.XLOOKUP(표14[[#This Row],[application_taxonomy]],표11[application_taxonomy],표11[app_id]) -> A06 | C2: =_xlfn.XLOOKUP(표14[[#This Row],[end_use_industry]],표13[end_use_category],표13[end_use_id]) -> E02 | D2: =_xlfn.XLOOKUP(표14[[#This Row],[importance]],표15[importance],표15[rating]) -> 0.6 | E2: HDPE | F2: Blow molding | G2: Rigid packaging | H2: Consumer Products & Packaging | I2: Primary | J2: 2024년 27%로 최대 용도, 병·용기 중심 | K2: Existing
A3: =_xlfn.XLOOKUP(표14[[#This Row],[material_name]],표2[material_name],표2[material_id]) -> M002 | B3: =_xlfn.XLOOKUP(표14[[#This Row],[application_taxonomy]],표11[application_taxonomy],표11[app_id]) -> A05 | C3: =_xlfn.XLOOKUP(표14[[#This Row],[end_use_industry]],표13[end_use_category],표13[end_use_id]) -> E02 | D3: =_xlfn.XLOOKUP(표14[[#This Row],[importance]],표15[importance],표15[rating]) -> 0.6 | E3: HDPE | F3: Film and sheet | G3: Flexible packaging | H3: Consumer Products & Packaging | I3: Primary | J3: 2024년 24%로 blow molding과 함께 핵심 수요 | K3: Existing
A4: =_xlfn.XLOOKUP(표14[[#This Row],[material_name]],표2[material_name],표2[material_id]) -> M002 | B4: =_xlfn.XLOOKUP(표14[[#This Row],[application_taxonomy]],표11[application_taxonomy],표11[app_id]) -> A09 | C4: =_xlfn.XLOOKUP(표14[[#This Row],[end_use_industry]],표13[end_use_category],표13[end_use_id]) -> E01 | D4: =_xlfn.XLOOKUP(표14[[#This Row],[importance]],표15[importance],표15[rating]) -> 0.6 | E4: HDPE | F4: Pipe and extrusion | G4: Pipe & fluid conveyance | H4: Construction & Infrastructure | I4: Primary | J4: 2024년 20%, 인프라·배관 수요와 직접 연결 | K4: Existing
A5: =_xlfn.XLOOKUP(표14[[#This Row],[material_name]],표2[material_name],표2[material_id]) -> M002 | B5: =_xlfn.XLOOKUP(표14[[#This Row],[application_taxonomy]],표11[application_taxonomy],표11[app_id]) -> A04 | C5: =_xlfn.XLOOKUP(표14[[#This Row],[end_use_industry]],표13[end_use_category],표13[end_use_id]) -> E02 | D5: =_xlfn.XLOOKUP(표14[[#This Row],[importance]],표15[importance],표15[rating]) -> 0.3 | E5: HDPE | F5: Injection molding | G5: Polymer resin / molding material | H5: Consumer Products & Packaging | I5: Secondary | J5: 2024년 17%로 주요 성형 application | K5: Existing
A6: =_xlfn.XLOOKUP(표14[[#This Row],[material_name]],표2[material_name],표2[material_id]) -> M002 | B6: =_xlfn.XLOOKUP(표14[[#This Row],[application_taxonomy]],표11[application_taxonomy],표11[app_id]) -> A09 | C6: =_xlfn.XLOOKUP(표14[[#This Row],[end_use_industry]],표13[end_use_category],표13[end_use_id]) -> E01 | D6: =_xlfn.XLOOKUP(표14[[#This Row],[importance]],표15[importance],표15[rating]) -> 0.3 | E6: HDPE | F6: Water supply and durable storage containers | G6: Pipe & fluid conveyance | H6: Construction & Infrastructure | I6: Secondary | J6: 물 공급·저장용 내구재로 사용 | K6: Existing
A7: =_xlfn.XLOOKUP(표14[[#This Row],[material_name]],표2[material_name],표2[material_id]) -> M002 | B7: =_xlfn.XLOOKUP(표14[[#This Row],[application_taxonomy]],표11[application_taxonomy],표11[app_id]) -> A16 | C7: =_xlfn.XLOOKUP(표14[[#This Row],[end_use_industry]],표13[end_use_category],표13[end_use_id]) -> E03 | D7: =_xlfn.XLOOKUP(표14[[#This Row],[importance]],표15[importance],표15[rating]) -> 0.3 | E7: HDPE | F7: Automotive fuel tanks and reservoirs | G7: Automotive components & lightweighting | H7: Automotive & Future Mobility | I7: Secondary | J7: 자동차 연료탱크·저장용기 적용 | K7: Existing
A8: =_xlfn.XLOOKUP(표14[[#This Row],[material_name]],표2[material_name],표2[material_id]) -> M003 | B8: =_xlfn.XLOOKUP(표14[[#This Row],[application_taxonomy]],표11[application_taxonomy],표11[app_id]) -> A05 | C8: =_xlfn.XLOOKUP(표14[[#This Row],[end_use_industry]],표13[end_use_category],표13[end_use_id]) -> E02 | D8: =_xlfn.XLOOKUP(표14[[#This Row],[importance]],표15[importance],표15[rating]) -> 0.6 | E8: LDPE | F8: Film and sheet | G8: Flexible packaging | H8: Consumer Products & Packaging | I8: Primary | J8: 2024년 수요의 69%로 최대 용도 | K8: Existing
A9: =_xlfn.XLOOKUP(표14[[#This Row],[material_name]],표2[material_name],표2[material_id]) -> M003 | B9: =_xlfn.XLOOKUP(표14[[#This Row],[application_taxonomy]],표11[application_taxonomy],표11[app_id]) -> A07 | C9: =_xlfn.XLOOKUP(표14[[#This Row],[end_use_industry]],표13[end_use_category],표13[end_use_id]) -> E02 | D9: =_xlfn.XLOOKUP(표14[[#This Row],[importance]],표15[importance],표15[rating]) -> 0.3 | E9: LDPE | F9: Extrusion coating | G9: Barrier packaging | H9: Consumer Products & Packaging | I9: Secondary | J9: 포장재 코팅 및 배리어 용도에서 중요한 2차 application | K9: Existing
A10: =_xlfn.XLOOKUP(표14[[#This Row],[material_name]],표2[material_name],표2[material_id]) -> M003 | B10: =_xlfn.XLOOKUP(표14[[#This Row],[application_taxonomy]],표11[application_taxonomy],표11[app_id]) -> A13 | C10: =_xlfn.XLOOKUP(표14[[#This Row],[end_use_industry]],표13[end_use_category],표13[end_use_id]) -> E04 | D10: =_xlfn.XLOOKUP(표14[[#This Row],[importance]],표15[importance],표15[rating]) -> 0.3 | E10: LDPE | F10: Wire and cable | G10: Electrical insulation | H10: Energy, Power & Utilities | I10: Secondary | J10: 절연·재킷용으로 사용되나 비중은 제한적 | K10: Existing
A11: =_xlfn.XLOOKUP(표14[[#This Row],[material_name]],표2[material_name],표2[material_id]) -> M003 | B11: =_xlfn.XLOOKUP(표14[[#This Row],[application_taxonomy]],표11[application_taxonomy],표11[app_id]) -> A04 | C11: =_xlfn.XLOOKUP(표14[[#This Row],[end_use_industry]],표13[end_use_category],표13[end_use_id]) -> E02 | D11: =_xlfn.XLOOKUP(표14[[#This Row],[importance]],표15[importance],표15[rating]) -> 0.3 | E11: LDPE | F11: Injection molding | G11: Polymer resin / molding material | H11: Consumer Products & Packaging | I11: Secondary | J11: 캡, 완구, 생활용품 등 성형품 용도 | K11: Existing
A12: =_xlfn.XLOOKUP(표14[[#This Row],[material_name]],표2[material_name],표2[material_id]) -> M003 | B12: =_xlfn.XLOOKUP(표14[[#This Row],[application_taxonomy]],표11[application_taxonomy],표11[app_id]) -> A09 | C12: =_xlfn.XLOOKUP(표14[[#This Row],[end_use_industry]],표13[end_use_category],표13[end_use_id]) -> E01 | D12: =_xlfn.XLOOKUP(표14[[#This Row],[importance]],표15[importance],표15[rating]) -> 0.1 | E12: LDPE | F12: Pipe and extrusion | G12: Pipe & fluid conveyance | H12: Construction & Infrastructure | I12: Niche / Emerging | J12: 관·튜빙 용도는 2024년 약 2%로 제한적 | K12: Existing
A13: =_xlfn.XLOOKUP(표14[[#This Row],[material_name]],표2[material_name],표2[material_id]) -> M003 | B13: =_xlfn.XLOOKUP(표14[[#This Row],[application_taxonomy]],표11[application_taxonomy],표11[app_id]) -> A20 | C13: =_xlfn.XLOOKUP(표14[[#This Row],[end_use_industry]],표13[end_use_category],표13[end_use_id]) -> E07 | D13: =_xlfn.XLOOKUP(표14[[#This Row],[importance]],표15[importance],표15[rating]) -> 0.1 | E13: LDPE | F13: Adhesives and sealants | G13: Adhesive bonding | H13: Industrial Goods & Advanced Manufacturing | I13: Niche / Emerging | J13: EVA계 hot-melt adhesive 등 특수 용도 | K13: Existing
... A58: =_xlfn.XLOOKUP(표14[[#This Row],[material_name]],표2[material_name],표2[material_id]) -> M019 | B58: =_xlfn.XLOOKUP(표14[[#This Row],[application_taxonomy]],표11[application_taxonomy],표11[app_id]) -> A01 | C58: =_xlfn.XLOOKUP(표14[[#This Row],[end_use_industry]],표13[end_use_category],표13[end_use_id]) -> E07 | D58: =_xlfn.XLOOKUP(표14[[#This Row],[importance]],표15[importance],표15[rating]) -> 0.6 | E58: VAM | F58: Polyvinyl acetate (PVA) | G58: Major chemical intermediate | H58: Industrial Goods & Advanced Manufacturing | I58: Primary | J58: 2024년 VAM 소비의 28%로 주요 polymer 원료 | K58: Existing
A59: =_xlfn.XLOOKUP(표14[[#This Row],[material_name]],표2[material_name],표2[material_id]) -> M019 | B59: =_xlfn.XLOOKUP(표14[[#This Row],[application_taxonomy]],표11[application_taxonomy],표11[app_id]) -> #N/A | C59: =_xlfn.XLOOKUP(표14[[#This Row],[end_use_industry]],표13[end_use_category],표13[end_use_id]) -> E07 | D59: =_xlfn.XLOOKUP(표14[[#This Row],[importance]],표15[importance],표15[rating]) -> 0.3 | E59: VAM | F59: Ethylene-vinyl acetate (EVA) | G59: 0 | H59: Industrial Goods & Advanced Manufacturing | I59: Secondary | J59: EVA/VAE 수요가 빠르게 성장하는 VAM downstream | K59: Existing
A60: =_xlfn.XLOOKUP(표14[[#This Row],[material_name]],표2[material_name],표2[material_id]) -> M019 | B60: =_xlfn.XLOOKUP(표14[[#This Row],[application_taxonomy]],표11[application_taxonomy],표11[app_id]) -> A01 | C60: =_xlfn.XLOOKUP(표14[[#This Row],[end_use_industry]],표13[end_use_category],표13[end_use_id]) -> E02 | D60: =_xlfn.XLOOKUP(표14[[#This Row],[importance]],표15[importance],표15[rating]) -> 0.3 | E60: VAM | F60: Ethylene-vinyl alcohol (EVOH) | G60: Major chemical intermediate | H60: Consumer Products & Packaging | I60: Secondary | J60: EVOH barrier resin으로 연결되는 comonomer 용도 | K60: Existing
A61: =_xlfn.XLOOKUP(표14[[#This Row],[material_name]],표2[material_name],표2[material_id]) -> M021 | B61: =_xlfn.XLOOKUP(표14[[#This Row],[application_taxonomy]],표11[application_taxonomy],표11[app_id]) -> A01 | C61: =_xlfn.XLOOKUP(표14[[#This Row],[end_use_industry]],표13[end_use_category],표13[end_use_id]) -> E07 | D61: =_xlfn.XLOOKUP(표14[[#This Row],[importance]],표15[importance],표15[rating]) -> 0.6 | E61: AN | F61: ABS resins | G61: Major chemical intermediate | H61: Industrial Goods & Advanced Manufacturing | I61: Primary | J61: AN 최대 수요처로 2024년 약 35% 차지 | K61: Existing
A62: =_xlfn.XLOOKUP(표14[[#This Row],[material_name]],표2[material_name],표2[material_id]) -> M021 | B62: =_xlfn.XLOOKUP(표14[[#This Row],[application_taxonomy]],표11[application_taxonomy],표11[app_id]) -> A02 | C62: =_xlfn.XLOOKUP(표14[[#This Row],[end_use_industry]],표13[end_use_category],표13[end_use_id]) -> E07 | D62: =_xlfn.XLOOKUP(표14[[#This Row],[importance]],표15[importance],표15[rating]) -> 0.6 | E62: AN | F62: Acrylamide | G62: Specialty chemical intermediate | H62: Industrial Goods & Advanced Manufacturing | I62: Primary | J62: PAM 및 wastewater treatment로 연결되는 주요 수요처 | K62: Existing
A63: =_xlfn.XLOOKUP(표14[[#This Row],[material_name]],표2[material_name],표2[material_id]) -> M021 | B63: =_xlfn.XLOOKUP(표14[[#This Row],[application_taxonomy]],표11[application_taxonomy],표11[app_id]) -> A03 | C63: =_xlfn.XLOOKUP(표14[[#This Row],[end_use_industry]],표13[end_use_category],표13[end_use_id]) -> E02 | D63: =_xlfn.XLOOKUP(표14[[#This Row],[importance]],표15[importance],표15[rating]) -> 0.6 | E63: AN | F63: Acrylic fibers | G63: Reactive monomer / comonomer | H63: Consumer Products & Packaging | I63: Primary | J63: 역사적 핵심 수요처이나 polyester와 경쟁으로 성장 둔화 | K63: Existing
A64: =_xlfn.XLOOKUP(표14[[#This Row],[material_name]],표2[material_name],표2[material_id]) -> M021 | B64: =_xlfn.XLOOKUP(표14[[#This Row],[application_taxonomy]],표11[application_taxonomy],표11[app_id]) -> A01 | C64: =_xlfn.XLOOKUP(표14[[#This Row],[end_use_industry]],표13[end_use_category],표13[end_use_id]) -> E07 | D64: =_xlfn.XLOOKUP(표14[[#This Row],[importance]],표15[importance],표15[rating]) -> 0.3 | E64: AN | F64: SAN resins | G64: Major chemical intermediate | H64: Industrial Goods & Advanced Manufacturing | I64: Secondary | J64: SAN 및 ABS/ASA/AES chain으로 연결 | K64: Existing
A65: =_xlfn.XLOOKUP(표14[[#This Row],[material_name]],표2[material_name],표2[material_id]) -> M021 | B65: =_xlfn.XLOOKUP(표14[[#This Row],[application_taxonomy]],표11[application_taxonomy],표11[app_id]) -> A01 | C65: =_xlfn.XLOOKUP(표14[[#This Row],[end_use_industry]],표13[end_use_category],표13[end_use_id]) -> E03 | D65: =_xlfn.XLOOKUP(표14[[#This Row],[importance]],표15[importance],표15[rating]) -> 0.1 | E65: AN | F65: PAN-based carbon fiber | G65: Major chemical intermediate | H65: Automotive & Future Mobility | I65: Niche / Emerging | J65: carbon fiber 성장성이 있으나 현재 비중은 작음 | K65: Existing
A66: =_xlfn.XLOOKUP(표14[[#This Row],[material_name]],표2[material_name],표2[material_id]) -> M022 | B66: =_xlfn.XLOOKUP(표14[[#This Row],[application_taxonomy]],표11[application_taxonomy],표11[app_id]) -> A04 | C66: =_xlfn.XLOOKUP(표14[[#This Row],[end_use_industry]],표13[end_use_category],표13[end_use_id]) -> E02 | D66: =_xlfn.XLOOKUP(표14[[#This Row],[importance]],표15[importance],표15[rating]) -> 0.6 | E66: ABS | F66: Appliances | G66: Polymer resin / molding material | H66: Consumer Products & Packaging | I66: Primary | J66: 2025년 ABS 최대 end use, 약 42% | K66: Existing
A67: =_xlfn.XLOOKUP(표14[[#This Row],[material_name]],표2[material_name],표2[material_id]) -> M022 | B67: =_xlfn.XLOOKUP(표14[[#This Row],[application_taxonomy]],표11[application_taxonomy],표11[app_id]) -> A40 | C67: =_xlfn.XLOOKUP(표14[[#This Row],[end_use_industry]],표13[end_use_category],표13[end_use_id]) -> E08 | D67: =_xlfn.XLOOKUP(표14[[#This Row],[importance]],표15[importance],표15[rating]) -> 0.6 | E67: ABS | F67: Electrical/electronic applications | G67: Electronic chemicals & materials | H67: Electronics, Semiconductors & Digital Infrastructure | I67: Primary | J67: 2025년 약 21%로 주요 소비처 | K67: Existing
A68: =_xlfn.XLOOKUP(표14[[#This Row],[material_name]],표2[material_name],표2[material_id]) -> M022 | B68: =_xlfn.XLOOKUP(표14[[#This Row],[application_taxonomy]],표11[application_taxonomy],표11[app_id]) -> A16 | C68: =_xlfn.XLOOKUP(표14[[#This Row],[end_use_industry]],표13[end_use_category],표13[end_use_id]) -> E03 | D68: =_xlfn.XLOOKUP(표14[[#This Row],[importance]],표15[importance],표15[rating]) -> 0.3 | E68: ABS | F68: Transportation | G68: Automotive components & lightweighting | H68: Automotive & Future Mobility | I68: Secondary | J68: 경량화와 내충격성이 요구되는 자동차 부품용 | K68: Existing
A69: =_xlfn.XLOOKUP(표14[[#This Row],[material_name]],표2[material_name],표2[material_id]) -> M022 | B69: =_xlfn.XLOOKUP(표14[[#This Row],[application_taxonomy]],표11[application_taxonomy],표11[app_id]) -> A10 | C69: =_xlfn.XLOOKUP(표14[[#This Row],[end_use_industry]],표13[end_use_category],표13[end_use_id]) -> E01 | D69: =_xlfn.XLOOKUP(표14[[#This Row],[importance]],표15[importance],표15[rating]) -> 0.3 | E69: ABS | F69: Building and construction | G69: Building materials & profiles | H69: Construction & Infrastructure | I69: Secondary | J69: 건축·건설용 성형 소재 수요 | K69: Existing
A70: =_xlfn.XLOOKUP(표14[[#This Row],[material_name]],표2[material_name],표2[material_id]) -> M022 | B70: =_xlfn.XLOOKUP(표14[[#This Row],[application_taxonomy]],표11[application_taxonomy],표11[app_id]) -> A38 | C70: =_xlfn.XLOOKUP(표14[[#This Row],[end_use_industry]],표13[end_use_category],표13[end_use_id]) -> E07 | D70: =_xlfn.XLOOKUP(표14[[#This Row],[importance]],표15[importance],표15[rating]) -> 0.3 | E70: ABS | F70: PC/ABS, PBT/ABS, polyamide/ABS blends | G70: Polymer modification & additives | H70: Industrial Goods & Advanced Manufacturing | I70: Secondary | J70: 다른 engineering plastics와 blend되어 물성 보완 | K70: Existing
A71: =_xlfn.XLOOKUP(표14[[#This Row],[material_name]],표2[material_name],표2[material_id]) -> M023 | B71: =_xlfn.XLOOKUP(표14[[#This Row],[application_taxonomy]],표11[application_taxonomy],표11[app_id]) -> A04 | C71: =_xlfn.XLOOKUP(표14[[#This Row],[end_use_industry]],표13[end_use_category],표13[end_use_id]) -> E02 | D71: =_xlfn.XLOOKUP(표14[[#This Row],[importance]],표15[importance],표15[rating]) -> 0.6 | E71: SAN | F71: Housewares | G71: Polymer resin / molding material | H71: Consumer Products & Packaging | I71: Primary | J71: 투명성, 내화학성, 내열성이 필요한 생활용품 주요 용도 | K71: Existing
... A105: =_xlfn.XLOOKUP(표14[[#This Row],[material_name]],표2[material_name],표2[material_id]) -> M027 | B105: =_xlfn.XLOOKUP(표14[[#This Row],[application_taxonomy]],표11[application_taxonomy],표11[app_id]) -> A01 | C105: =_xlfn.XLOOKUP(표14[[#This Row],[end_use_industry]],표13[end_use_category],표13[end_use_id]) -> E07 | D105: =_xlfn.XLOOKUP(표14[[#This Row],[importance]],표15[importance],표15[rating]) -> 0.3 | E105: PG | F105: Polyurethanes | G105: Major chemical intermediate | H105: Industrial Goods & Advanced Manufacturing | I105: Secondary | J105: polyurethane chain으로 연결되는 산업용 PG 수요 | K105: Existing
A106: =_xlfn.XLOOKUP(표14[[#This Row],[material_name]],표2[material_name],표2[material_id]) -> M028 | B106: =_xlfn.XLOOKUP(표14[[#This Row],[application_taxonomy]],표11[application_taxonomy],표11[app_id]) -> A01 | C106: =_xlfn.XLOOKUP(표14[[#This Row],[end_use_industry]],표13[end_use_category],표13[end_use_id]) -> E02 | D106: =_xlfn.XLOOKUP(표14[[#This Row],[importance]],표15[importance],표15[rating]) -> 0.6 | E106: PPG | F106: Flexible PU foams | G106: Major chemical intermediate | H106: Consumer Products & Packaging | I106: Primary | J106: bedding, furniture, transportation cushioning으로 연결되는 핵심 polyol route | K106: Existing | L106: GPT
A107: =_xlfn.XLOOKUP(표14[[#This Row],[material_name]],표2[material_name],표2[material_id]) -> M028 | B107: =_xlfn.XLOOKUP(표14[[#This Row],[application_taxonomy]],표11[application_taxonomy],표11[app_id]) -> A01 | C107: =_xlfn.XLOOKUP(표14[[#This Row],[end_use_industry]],표13[end_use_category],표13[end_use_id]) -> E01 | D107: =_xlfn.XLOOKUP(표14[[#This Row],[importance]],표15[importance],표15[rating]) -> 0.6 | E107: PPG | F107: Rigid PU foams | G107: Major chemical intermediate | H107: Construction & Infrastructure | I107: Primary | J107: 건축·냉장·배관 insulation용 PU foam 원료 | K107: Existing | L107: GPT
A108: =_xlfn.XLOOKUP(표14[[#This Row],[material_name]],표2[material_name],표2[material_id]) -> M028 | B108: =_xlfn.XLOOKUP(표14[[#This Row],[application_taxonomy]],표11[application_taxonomy],표11[app_id]) -> A01 | C108: =_xlfn.XLOOKUP(표14[[#This Row],[end_use_industry]],표13[end_use_category],표13[end_use_id]) -> E03 | D108: =_xlfn.XLOOKUP(표14[[#This Row],[importance]],표15[importance],표15[rating]) -> 0.3 | E108: PPG | F108: Nonfoam PU applications | G108: Major chemical intermediate | H108: Automotive & Future Mobility | I108: Secondary | J108: cast elastomers, tubing, hoses, fascias, shoe soles 등 | K108: Existing | L108: GPT
A109: =_xlfn.XLOOKUP(표14[[#This Row],[material_name]],표2[material_name],표2[material_id]) -> M028 | B109: =_xlfn.XLOOKUP(표14[[#This Row],[application_taxonomy]],표11[application_taxonomy],표11[app_id]) -> A01 | C109: =_xlfn.XLOOKUP(표14[[#This Row],[end_use_industry]],표13[end_use_category],표13[end_use_id]) -> E07 | D109: =_xlfn.XLOOKUP(표14[[#This Row],[importance]],표15[importance],표15[rating]) -> 0.3 | E109: PPG | F109: Adhesives and sealants | G109: Major chemical intermediate | H109: Industrial Goods & Advanced Manufacturing | I109: Secondary | J109: PU adhesive/sealant chain으로 연결 | K109: Existing | L109: GPT
A110: =_xlfn.XLOOKUP(표14[[#This Row],[material_name]],표2[material_name],표2[material_id]) -> M028 | B110: =_xlfn.XLOOKUP(표14[[#This Row],[application_taxonomy]],표11[application_taxonomy],표11[app_id]) -> A01 | C110: =_xlfn.XLOOKUP(표14[[#This Row],[end_use_industry]],표13[end_use_category],표13[end_use_id]) -> E07 | D110: =_xlfn.XLOOKUP(표14[[#This Row],[importance]],표15[importance],표15[rating]) -> 0.3 | E110: PPG | F110: Surface coatings | G110: Major chemical intermediate | H110: Industrial Goods & Advanced Manufacturing | I110: Secondary | J110: PU surface coating application 포함 | K110: Existing | L110: GPT
A111: =_xlfn.XLOOKUP(표14[[#This Row],[material_name]],표2[material_name],표2[material_id]) -> M029 | B111: =_xlfn.XLOOKUP(표14[[#This Row],[application_taxonomy]],표11[application_taxonomy],표11[app_id]) -> A01 | C111: =_xlfn.XLOOKUP(표14[[#This Row],[end_use_industry]],표13[end_use_category],표13[end_use_id]) -> E01 | D111: =_xlfn.XLOOKUP(표14[[#This Row],[importance]],표15[importance],표15[rating]) -> 0.6 | E111: Polyols | F111: Rigid PU/PIR foam | G111: Major chemical intermediate | H111: Construction & Infrastructure | I111: Primary | J111: polyester polyol 최대 성장·핵심 용도, building insulation 중심 | K111: Existing
A112: =_xlfn.XLOOKUP(표14[[#This Row],[material_name]],표2[material_name],표2[material_id]) -> M029 | B112: =_xlfn.XLOOKUP(표14[[#This Row],[application_taxonomy]],표11[application_taxonomy],표11[app_id]) -> A01 | C112: =_xlfn.XLOOKUP(표14[[#This Row],[end_use_industry]],표13[end_use_category],표13[end_use_id]) -> E07 | D112: =_xlfn.XLOOKUP(표14[[#This Row],[importance]],표15[importance],표15[rating]) -> 0.6 | E112: Polyols | F112: PU elastomers / TPU | G112: Major chemical intermediate | H112: Industrial Goods & Advanced Manufacturing | I112: Primary | J112: nonfoam application 중 elastomer가 주요 수요처 | K112: Existing
A113: =_xlfn.XLOOKUP(표14[[#This Row],[material_name]],표2[material_name],표2[material_id]) -> M029 | B113: =_xlfn.XLOOKUP(표14[[#This Row],[application_taxonomy]],표11[application_taxonomy],표11[app_id]) -> A01 | C113: =_xlfn.XLOOKUP(표14[[#This Row],[end_use_industry]],표13[end_use_category],표13[end_use_id]) -> E07 | D113: =_xlfn.XLOOKUP(표14[[#This Row],[importance]],표15[importance],표15[rating]) -> 0.3 | E113: Polyols | F113: Surface coatings | G113: Major chemical intermediate | H113: Industrial Goods & Advanced Manufacturing | I113: Secondary | J113: aircraft, bridge, automotive coating 등에 사용 | K113: Existing
A114: =_xlfn.XLOOKUP(표14[[#This Row],[material_name]],표2[material_name],표2[material_id]) -> M029 | B114: =_xlfn.XLOOKUP(표14[[#This Row],[application_taxonomy]],표11[application_taxonomy],표11[app_id]) -> A01 | C114: =_xlfn.XLOOKUP(표14[[#This Row],[end_use_industry]],표13[end_use_category],표13[end_use_id]) -> E07 | D114: =_xlfn.XLOOKUP(표14[[#This Row],[importance]],표15[importance],표15[rating]) -> 0.3 | E114: Polyols | F114: Adhesives and sealants | G114: Major chemical intermediate | H114: Industrial Goods & Advanced Manufacturing | I114: Secondary | J114: PU hot-melt adhesive 및 sealant 원료 | K114: Existing
A115: =_xlfn.XLOOKUP(표14[[#This Row],[material_name]],표2[material_name],표2[material_id]) -> M029 | B115: =_xlfn.XLOOKUP(표14[[#This Row],[application_taxonomy]],표11[application_taxonomy],표11[app_id]) -> A01 | C115: =_xlfn.XLOOKUP(표14[[#This Row],[end_use_industry]],표13[end_use_category],표13[end_use_id]) -> E02 | D115: =_xlfn.XLOOKUP(표14[[#This Row],[importance]],표15[importance],표15[rating]) -> 0.3 | E115: Polyols | F115: Flexible foams | G115: Major chemical intermediate | H115: Consumer Products & Packaging | I115: Secondary | J115: textile laminates, bedding 등 specialty flexible foam | K115: Existing
A116: =_xlfn.XLOOKUP(표14[[#This Row],[material_name]],표2[material_name],표2[material_id]) -> M030 | B116: =_xlfn.XLOOKUP(표14[[#This Row],[application_taxonomy]],표11[application_taxonomy],표11[app_id]) -> A17 | C116: =_xlfn.XLOOKUP(표14[[#This Row],[end_use_industry]],표13[end_use_category],표13[end_use_id]) -> E02 | D116: =_xlfn.XLOOKUP(표14[[#This Row],[importance]],표15[importance],표15[rating]) -> 0.6 | E116: PU | F116: Flexible foams: bedding, furniture, transportation | G116: Cushioning & comfort materials | H116: Consumer Products & Packaging | I116: Primary | J116: flexible PU foam은 cushioning 소재로 대량 사용 | K116: Existing
A117: =_xlfn.XLOOKUP(표14[[#This Row],[material_name]],표2[material_name],표2[material_id]) -> M030 | B117: =_xlfn.XLOOKUP(표14[[#This Row],[application_taxonomy]],표11[application_taxonomy],표11[app_id]) -> A12 | C117: =_xlfn.XLOOKUP(표14[[#This Row],[end_use_industry]],표13[end_use_category],표13[end_use_id]) -> E01 | D117: =_xlfn.XLOOKUP(표14[[#This Row],[importance]],표15[importance],표15[rating]) -> 0.6 | E117: PU | F117: Rigid PU/PIR foams: construction and industrial insulation | G117: Thermal insulation | H117: Construction & Infrastructure | I117: Primary | J117: rigid foam의 핵심은 construction 및 industrial insulation | K117: Existing
A118: =_xlfn.XLOOKUP(표14[[#This Row],[material_name]],표2[material_name],표2[material_id]) -> M030 | B118: =_xlfn.XLOOKUP(표14[[#This Row],[application_taxonomy]],표11[application_taxonomy],표11[app_id]) -> A18 | C118: =_xlfn.XLOOKUP(표14[[#This Row],[end_use_industry]],표13[end_use_category],표13[end_use_id]) -> E02 | D118: =_xlfn.XLOOKUP(표14[[#This Row],[importance]],표15[importance],표15[rating]) -> 0.6 | E118: PU | F118: Footwear / shoe soles | G118: Elastomeric performance materials | H118: Consumer Products & Packaging | I118: Primary | J118: PU elastomer 최대 end-use, 약 38% | K118: Existing
A119: =_xlfn.XLOOKUP(표14[[#This Row],[material_name]],표2[material_name],표2[material_id]) -> M030 | B119: =_xlfn.XLOOKUP(표14[[#This Row],[application_taxonomy]],표11[application_taxonomy],표11[app_id]) -> A16 | C119: =_xlfn.XLOOKUP(표14[[#This Row],[end_use_industry]],표13[end_use_category],표13[end_use_id]) -> E03 | D119: =_xlfn.XLOOKUP(표14[[#This Row],[importance]],표15[importance],표15[rating]) -> 0.3 | E119: PU | F119: Transportation parts: gaskets, seals, O-rings, shock absorbers | G119: Automotive components & lightweighting | H119: Automotive & Future Mobility | I119: Secondary | J119: 자동차용 elastomer 부품 및 comfort 소재 | K119: Existing
A120: =_xlfn.XLOOKUP(표14[[#This Row],[material_name]],표2[material_name],표2[material_id]) -> M030 | B120: =_xlfn.XLOOKUP(표14[[#This Row],[application_taxonomy]],표11[application_taxonomy],표11[app_id]) -> A19 | C120: =_xlfn.XLOOKUP(표14[[#This Row],[end_use_industry]],표13[end_use_category],표13[end_use_id]) -> E07 | D120: =_xlfn.XLOOKUP(표14[[#This Row],[importance]],표15[importance],표15[rating]) -> 0.3 | E120: PU | F120: Wheels and tires | G120: Tire & rubber applications | H120: Industrial Goods & Advanced Manufacturing | I120: Secondary | J120: forklift solid tires, rollerblade wheels 등 | K120: Existing
A121: =_xlfn.XLOOKUP(표14[[#This Row],[material_name]],표2[material_name],표2[material_id]) -> M030 | B121: =_xlfn.XLOOKUP(표14[[#This Row],[application_taxonomy]],표11[application_taxonomy],표11[app_id]) -> A18 | C121: =_xlfn.XLOOKUP(표14[[#This Row],[end_use_industry]],표13[end_use_category],표13[end_use_id]) -> E07 | D121: =_xlfn.XLOOKUP(표14[[#This Row],[importance]],표15[importance],표15[rating]) -> 0.3 | E121: PU | F121: Machinery: rollers, belts, pulleys, seals | G121: Elastomeric performance materials | H121: Industrial Goods & Advanced Manufacturing | I121: Secondary | J121: 내마모·고하중 산업부품용 cast elastomer | K121: Existing
A122: =_xlfn.XLOOKUP(표14[[#This Row],[material_name]],표2[material_name],표2[material_id]) -> M030 | B122: =_xlfn.XLOOKUP(표14[[#This Row],[application_taxonomy]],표11[application_taxonomy],표11[app_id]) -> A13 | C122: =_xlfn.XLOOKUP(표14[[#This Row],[end_use_industry]],표13[end_use_category],표13[end_use_id]) -> E04 | D122: =_xlfn.XLOOKUP(표14[[#This Row],[importance]],표15[importance],표15[rating]) -> 0.1 | E122: PU | F122: Wire and cable / electrical covering | G122: Electrical insulation | H122: Energy, Power & Utilities | I122: Niche / Emerging | J122: TPU가 wire, cable, fiber optics 보호 피복에 사용 | K122: Existing
... A172: =_xlfn.XLOOKUP(표14[[#This Row],[material_name]],표2[material_name],표2[material_id]) -> M046 | B172: =_xlfn.XLOOKUP(표14[[#This Row],[application_taxonomy]],표11[application_taxonomy],표11[app_id]) -> A43 | C172: =_xlfn.XLOOKUP(표14[[#This Row],[end_use_industry]],표13[end_use_category],표13[end_use_id]) -> E04 | D172: =_xlfn.XLOOKUP(표14[[#This Row],[importance]],표15[importance],표15[rating]) -> 0.3 | E172: Isobutylene | F172: ETBE / isooctane | G172: Fuel / fuel additive | H172: Energy, Power & Utilities | I172: Secondary | J172: gasoline blendstock 및 octane enhancer route | K172: Existing
A173: =_xlfn.XLOOKUP(표14[[#This Row],[material_name]],표2[material_name],표2[material_id]) -> M047 | B173: =_xlfn.XLOOKUP(표14[[#This Row],[application_taxonomy]],표11[application_taxonomy],표11[app_id]) -> A28 | C173: =_xlfn.XLOOKUP(표14[[#This Row],[end_use_industry]],표13[end_use_category],표13[end_use_id]) -> E07 | D173: =_xlfn.XLOOKUP(표14[[#This Row],[importance]],표15[importance],표15[rating]) -> 0.6 | E173: PIB | F173: Lubricants and fuel additives | G173: Lubrication & friction control | H173: Industrial Goods & Advanced Manufacturing | I173: Primary | J173: PIB의 대표적 고부가 수요로 윤활유·연료 첨가제에 사용 | K173: Existing | L173: GPT
A174: =_xlfn.XLOOKUP(표14[[#This Row],[material_name]],표2[material_name],표2[material_id]) -> M047 | B174: =_xlfn.XLOOKUP(표14[[#This Row],[application_taxonomy]],표11[application_taxonomy],표11[app_id]) -> A20 | C174: =_xlfn.XLOOKUP(표14[[#This Row],[end_use_industry]],표13[end_use_category],표13[end_use_id]) -> E07 | D174: =_xlfn.XLOOKUP(표14[[#This Row],[importance]],표15[importance],표15[rating]) -> 0.3 | E174: PIB | F174: Adhesives and sealants | G174: Adhesive bonding | H174: Industrial Goods & Advanced Manufacturing | I174: Secondary | J174: tackiness와 방수성 기반 adhesive/sealant formulation에 사용 | K174: Existing | L174: GPT
A175: =_xlfn.XLOOKUP(표14[[#This Row],[material_name]],표2[material_name],표2[material_id]) -> M047 | B175: =_xlfn.XLOOKUP(표14[[#This Row],[application_taxonomy]],표11[application_taxonomy],표11[app_id]) -> A13 | C175: =_xlfn.XLOOKUP(표14[[#This Row],[end_use_industry]],표13[end_use_category],표13[end_use_id]) -> E04 | D175: =_xlfn.XLOOKUP(표14[[#This Row],[importance]],표15[importance],표15[rating]) -> 0.3 | E175: PIB | F175: Electrical insulation materials | G175: Electrical insulation | H175: Energy, Power & Utilities | I175: Secondary | J175: 케이블·전기 절연 소재로 사용 가능 | K175: Existing | L175: GPT
A176: =_xlfn.XLOOKUP(표14[[#This Row],[material_name]],표2[material_name],표2[material_id]) -> M048 | B176: =_xlfn.XLOOKUP(표14[[#This Row],[application_taxonomy]],표11[application_taxonomy],표11[app_id]) -> A09 | C176: =_xlfn.XLOOKUP(표14[[#This Row],[end_use_industry]],표13[end_use_category],표13[end_use_id]) -> E01 | D176: =_xlfn.XLOOKUP(표14[[#This Row],[importance]],표15[importance],표15[rating]) -> 0.6 | E176: PB-1 | F176: Hot and cold water piping systems | G176: Pipe & fluid conveyance | H176: Construction & Infrastructure | I176: Primary | J176: PB-1의 대표 application은 온수·냉수 배관 및 fittings | K176: Existing | L176: GPT
A177: =_xlfn.XLOOKUP(표14[[#This Row],[material_name]],표2[material_name],표2[material_id]) -> M048 | B177: =_xlfn.XLOOKUP(표14[[#This Row],[application_taxonomy]],표11[application_taxonomy],표11[app_id]) -> A05 | C177: =_xlfn.XLOOKUP(표14[[#This Row],[end_use_industry]],표13[end_use_category],표13[end_use_id]) -> E02 | D177: =_xlfn.XLOOKUP(표14[[#This Row],[importance]],표15[importance],표15[rating]) -> 0.3 | E177: PB-1 | F177: Easy-open packaging / film modification | G177: Flexible packaging | H177: Consumer Products & Packaging | I177: Secondary | J177: packaging film 및 easy-peel 구조에 사용 | K177: Existing | L177: GPT
A178: =_xlfn.XLOOKUP(표14[[#This Row],[material_name]],표2[material_name],표2[material_id]) -> M048 | B178: =_xlfn.XLOOKUP(표14[[#This Row],[application_taxonomy]],표11[application_taxonomy],표11[app_id]) -> A20 | C178: =_xlfn.XLOOKUP(표14[[#This Row],[end_use_industry]],표13[end_use_category],표13[end_use_id]) -> E02 | D178: =_xlfn.XLOOKUP(표14[[#This Row],[importance]],표15[importance],표15[rating]) -> 0.3 | E178: PB-1 | F178: Hot melt adhesives | G178: Adhesive bonding | H178: Consumer Products & Packaging | I178: Secondary | J178: packaging 및 hygiene용 HMA formulation에 사용 | K178: Existing | L178: GPT
A179: =_xlfn.XLOOKUP(표14[[#This Row],[material_name]],표2[material_name],표2[material_id]) -> M049 | B179: =_xlfn.XLOOKUP(표14[[#This Row],[application_taxonomy]],표11[application_taxonomy],표11[app_id]) -> A43 | C179: =_xlfn.XLOOKUP(표14[[#This Row],[end_use_industry]],표13[end_use_category],표13[end_use_id]) -> E04 | D179: =_xlfn.XLOOKUP(표14[[#This Row],[importance]],표15[importance],표15[rating]) -> 0.6 | E179: MTBE | F179: Gasoline applications | G179: Fuel / fuel additive | H179: Energy, Power & Utilities | I179: Primary | J179: 2024년 MTBE 소비의 약 94%가 gasoline application | K179: Existing
A180: =_xlfn.XLOOKUP(표14[[#This Row],[material_name]],표2[material_name],표2[material_id]) -> M049 | B180: =_xlfn.XLOOKUP(표14[[#This Row],[application_taxonomy]],표11[application_taxonomy],표11[app_id]) -> A01 | C180: =_xlfn.XLOOKUP(표14[[#This Row],[end_use_industry]],표13[end_use_category],표13[end_use_id]) -> E07 | D180: =_xlfn.XLOOKUP(표14[[#This Row],[importance]],표15[importance],표15[rating]) -> 0.3 | E180: MTBE | F180: Production of HPIB | G180: Major chemical intermediate | H180: Industrial Goods & Advanced Manufacturing | I180: Secondary | J180: 미국 등에서는 HPIB 생산용 intermediate로 사용 | K180: Existing
A181: =_xlfn.XLOOKUP(표14[[#This Row],[material_name]],표2[material_name],표2[material_id]) -> M049 | B181: =_xlfn.XLOOKUP(표14[[#This Row],[application_taxonomy]],표11[application_taxonomy],표11[app_id]) -> A24 | C181: =_xlfn.XLOOKUP(표14[[#This Row],[end_use_industry]],표13[end_use_category],표13[end_use_id]) -> E05 | D181: =_xlfn.XLOOKUP(표14[[#This Row],[importance]],표15[importance],표15[rating]) -> 0.1 | E181: MTBE | F181: Reaction, extraction and crystallization solvent | G181: Solvent & extraction | H181: Healthcare & Life Sciences | I181: Niche / Emerging | J181: pharma/fine chemical solvent로 제한적 사용 | K181: Existing
A182: =_xlfn.XLOOKUP(표14[[#This Row],[material_name]],표2[material_name],표2[material_id]) -> M050 | B182: =_xlfn.XLOOKUP(표14[[#This Row],[application_taxonomy]],표11[application_taxonomy],표11[app_id]) -> A19 | C182: =_xlfn.XLOOKUP(표14[[#This Row],[end_use_industry]],표13[end_use_category],표13[end_use_id]) -> E03 | D182: =_xlfn.XLOOKUP(표14[[#This Row],[importance]],표15[importance],표15[rating]) -> 0.6 | E182: Butyl rubber | F182: Tubeless tire inner liners / tire inner tubes | G182: Tire & rubber applications | H182: Automotive & Future Mobility | I182: Primary | J182: 타이어 inner liner와 inner tube가 핵심 수요처로 제시됨. | K182: Existing
A183: =_xlfn.XLOOKUP(표14[[#This Row],[material_name]],표2[material_name],표2[material_id]) -> M050 | B183: =_xlfn.XLOOKUP(표14[[#This Row],[application_taxonomy]],표11[application_taxonomy],표11[app_id]) -> A33 | C183: =_xlfn.XLOOKUP(표14[[#This Row],[end_use_industry]],표13[end_use_category],표13[end_use_id]) -> E05 | D183: =_xlfn.XLOOKUP(표14[[#This Row],[importance]],표15[importance],표15[rating]) -> 0.3 | E183: Butyl rubber | F183: Pharmaceutical stoppers and plunger seals | G183: Medical & healthcare materials | H183: Healthcare & Life Sciences | I183: Secondary | J183: 청정성, 내화학성, 낮은 기체·수분 투과성이 요구되는 의료용 application. | K183: Existing
A184: =_xlfn.XLOOKUP(표14[[#This Row],[material_name]],표2[material_name],표2[material_id]) -> M050 | B184: =_xlfn.XLOOKUP(표14[[#This Row],[application_taxonomy]],표11[application_taxonomy],표11[app_id]) -> A20 | C184: =_xlfn.XLOOKUP(표14[[#This Row],[end_use_industry]],표13[end_use_category],표13[end_use_id]) -> E07 | D184: =_xlfn.XLOOKUP(표14[[#This Row],[importance]],표15[importance],표15[rating]) -> 0.3 | E184: Butyl rubber | F184: Adhesives and sealants | G184: Adhesive bonding | H184: Industrial Goods & Advanced Manufacturing | I184: Secondary | J184: 접착제, sealant tape, caulk 등에 사용됨. | K184: Existing
A185: =_xlfn.XLOOKUP(표14[[#This Row],[material_name]],표2[material_name],표2[material_id]) -> M050 | B185: =_xlfn.XLOOKUP(표14[[#This Row],[application_taxonomy]],표11[application_taxonomy],표11[app_id]) -> A18 | C185: =_xlfn.XLOOKUP(표14[[#This Row],[end_use_industry]],표13[end_use_category],표13[end_use_id]) -> E03 | D185: =_xlfn.XLOOKUP(표14[[#This Row],[importance]],표15[importance],표15[rating]) -> 0.3 | E185: Butyl rubber | F185: Automotive hoses, gaskets and engine mounts | G185: Elastomeric performance materials | H185: Automotive & Future Mobility | I185: Secondary | J185: 내열·내노화·진동감쇠 특성을 활용한 자동차 고무부품. | K185: Existing
A186: =_xlfn.XLOOKUP(표14[[#This Row],[material_name]],표2[material_name],표2[material_id]) -> M052 | B186: =_xlfn.XLOOKUP(표14[[#This Row],[application_taxonomy]],표11[application_taxonomy],표11[app_id]) -> A03 | C186: =_xlfn.XLOOKUP(표14[[#This Row],[end_use_industry]],표13[end_use_category],표13[end_use_id]) -> E02 | D186: =_xlfn.XLOOKUP(표14[[#This Row],[importance]],표15[importance],표15[rating]) -> 0.6 | E186: 1-Butene | F186: Polyethylene comonomer | G186: Reactive monomer / comonomer | H186: Consumer Products & Packaging | I186: Primary | J186: butene-1의 주용도는 PE 생산용 comonomer | K186: Existing
A187: =_xlfn.XLOOKUP(표14[[#This Row],[material_name]],표2[material_name],표2[material_id]) -> M052 | B187: =_xlfn.XLOOKUP(표14[[#This Row],[application_taxonomy]],표11[application_taxonomy],표11[app_id]) -> A01 | C187: =_xlfn.XLOOKUP(표14[[#This Row],[end_use_industry]],표13[end_use_category],표13[end_use_id]) -> E07 | D187: =_xlfn.XLOOKUP(표14[[#This Row],[importance]],표15[importance],표15[rating]) -> 0.3 | E187: 1-Butene | F187: Polybutene-1 | G187: Major chemical intermediate | H187: Industrial Goods & Advanced Manufacturing | I187: Secondary | J187: 고순도 butene-1은 PB-1 생산에 필요 | K187: Existing
A188: =_xlfn.XLOOKUP(표14[[#This Row],[material_name]],표2[material_name],표2[material_id]) -> M055 | B188: =_xlfn.XLOOKUP(표14[[#This Row],[application_taxonomy]],표11[application_taxonomy],표11[app_id]) -> A01 | C188: =_xlfn.XLOOKUP(표14[[#This Row],[end_use_industry]],표13[end_use_category],표13[end_use_id]) -> E07 | D188: =_xlfn.XLOOKUP(표14[[#This Row],[importance]],표15[importance],표15[rating]) -> 0.6 | E188: Ethylbenzene | F188: Styrene production | G188: Major chemical intermediate | H188: Industrial Goods & Advanced Manufacturing | I188: Primary | J188: EB의 99.7%가 styrene 생산에 사용되는 지배적 경로 | K188: Existing
A189: =_xlfn.XLOOKUP(표14[[#This Row],[material_name]],표2[material_name],표2[material_id]) -> M055 | B189: =_xlfn.XLOOKUP(표14[[#This Row],[application_taxonomy]],표11[application_taxonomy],표11[app_id]) -> A24 | C189: =_xlfn.XLOOKUP(표14[[#This Row],[end_use_industry]],표13[end_use_category],표13[end_use_id]) -> E07 | D189: =_xlfn.XLOOKUP(표14[[#This Row],[importance]],표15[importance],표15[rating]) -> 0.1 | E189: Ethylbenzene | F189: Solvent | G189: Solvent & extraction | H189: Industrial Goods & Advanced Manufacturing | I189: Niche / Emerging | J189: styrene 외 용도는 1% 미만의 소량 용도 | K189: Existing
A190: =_xlfn.XLOOKUP(표14[[#This Row],[material_name]],표2[material_name],표2[material_id]) -> M056 | B190: =_xlfn.XLOOKUP(표14[[#This Row],[application_taxonomy]],표11[application_taxonomy],표11[app_id]) -> A01 | C190: =_xlfn.XLOOKUP(표14[[#This Row],[end_use_industry]],표13[end_use_category],표13[end_use_id]) -> E02 | D190: =_xlfn.XLOOKUP(표14[[#This Row],[importance]],표15[importance],표15[rating]) -> 0.6 | E190: Styrene | F190: Polystyrene | G190: Major chemical intermediate | H190: Consumer Products & Packaging | I190: Primary | J190: PS가 2024년 styrene 최대 수요처 | K190: Existing
... A257: =_xlfn.XLOOKUP(표14[[#This Row],[material_name]],표2[material_name],표2[material_id]) -> M074 | B257: =_xlfn.XLOOKUP(표14[[#This Row],[application_taxonomy]],표11[application_taxonomy],표11[app_id]) -> A19 | C257: =_xlfn.XLOOKUP(표14[[#This Row],[end_use_industry]],표13[end_use_category],표13[end_use_id]) -> E03 | D257: =_xlfn.XLOOKUP(표14[[#This Row],[importance]],표15[importance],표15[rating]) -> 0.3 | E257: Caprolactam | F257: Tire cord and industrial yarn | G257: Tire & rubber applications | H257: Automotive & Future Mobility | I257: Secondary | J257: 고강도 polyamide yarn의 주요 산업용 수요 | K257: Existing
A258: =_xlfn.XLOOKUP(표14[[#This Row],[material_name]],표2[material_name],표2[material_id]) -> M075 | B258: =_xlfn.XLOOKUP(표14[[#This Row],[application_taxonomy]],표11[application_taxonomy],표11[app_id]) -> A01 | C258: =_xlfn.XLOOKUP(표14[[#This Row],[end_use_industry]],표13[end_use_category],표13[end_use_id]) -> E02 | D258: =_xlfn.XLOOKUP(표14[[#This Row],[importance]],표15[importance],표15[rating]) -> 0.6 | E258: LAO | F258: Polyethylene comonomers | G258: Major chemical intermediate | H258: Consumer Products & Packaging | I258: Primary | J258: LLDPE/HDPE용 comonomer가 LAO의 핵심 대량 수요처 | K258: Existing | L258: GPT
A259: =_xlfn.XLOOKUP(표14[[#This Row],[material_name]],표2[material_name],표2[material_id]) -> M075 | B259: =_xlfn.XLOOKUP(표14[[#This Row],[application_taxonomy]],표11[application_taxonomy],표11[app_id]) -> A01 | C259: =_xlfn.XLOOKUP(표14[[#This Row],[end_use_industry]],표13[end_use_category],표13[end_use_id]) -> E07 | D259: =_xlfn.XLOOKUP(표14[[#This Row],[importance]],표15[importance],표15[rating]) -> 0.6 | E259: LAO | F259: Polyalphaolefins for lubricants | G259: Major chemical intermediate | H259: Industrial Goods & Advanced Manufacturing | I259: Primary | J259: PAO 합성기유로 연결되는 주요 downstream route | K259: Existing | L259: GPT
A260: =_xlfn.XLOOKUP(표14[[#This Row],[material_name]],표2[material_name],표2[material_id]) -> M075 | B260: =_xlfn.XLOOKUP(표14[[#This Row],[application_taxonomy]],표11[application_taxonomy],표11[app_id]) -> A30 | C260: =_xlfn.XLOOKUP(표14[[#This Row],[end_use_industry]],표13[end_use_category],표13[end_use_id]) -> E02 | D260: =_xlfn.XLOOKUP(표14[[#This Row],[importance]],표15[importance],표15[rating]) -> 0.3 | E260: LAO | F260: Detergent alcohols / surfactants | G260: Surfactant & emulsification | H260: Consumer Products & Packaging | I260: Secondary | J260: 세제 및 계면활성제 chain으로 사용 | K260: Existing | L260: GPT
A261: =_xlfn.XLOOKUP(표14[[#This Row],[material_name]],표2[material_name],표2[material_id]) -> M075 | B261: =_xlfn.XLOOKUP(표14[[#This Row],[application_taxonomy]],표11[application_taxonomy],표11[app_id]) -> A38 | C261: =_xlfn.XLOOKUP(표14[[#This Row],[end_use_industry]],표13[end_use_category],표13[end_use_id]) -> E07 | D261: =_xlfn.XLOOKUP(표14[[#This Row],[importance]],표15[importance],표15[rating]) -> 0.3 | E261: LAO | F261: Plasticizers | G261: Polymer modification & additives | H261: Industrial Goods & Advanced Manufacturing | I261: Secondary | J261: plasticizer alcohol 및 additive chain으로 연결 | K261: Existing | L261: GPT
A262: =_xlfn.XLOOKUP(표14[[#This Row],[material_name]],표2[material_name],표2[material_id]) -> M077 | B262: =_xlfn.XLOOKUP(표14[[#This Row],[application_taxonomy]],표11[application_taxonomy],표11[app_id]) -> A28 | C262: =_xlfn.XLOOKUP(표14[[#This Row],[end_use_industry]],표13[end_use_category],표13[end_use_id]) -> E03 | D262: =_xlfn.XLOOKUP(표14[[#This Row],[importance]],표15[importance],표15[rating]) -> 0.6 | E262: PAO | F262: Synthetic motor oils | G262: Lubrication & friction control | H262: Automotive & Future Mobility | I262: Primary | J262: PAO의 대표 application은 고성능 synthetic lubricant base oil | K262: Existing | L262: GPT
A263: =_xlfn.XLOOKUP(표14[[#This Row],[material_name]],표2[material_name],표2[material_id]) -> M077 | B263: =_xlfn.XLOOKUP(표14[[#This Row],[application_taxonomy]],표11[application_taxonomy],표11[app_id]) -> A28 | C263: =_xlfn.XLOOKUP(표14[[#This Row],[end_use_industry]],표13[end_use_category],표13[end_use_id]) -> E07 | D263: =_xlfn.XLOOKUP(표14[[#This Row],[importance]],표15[importance],표15[rating]) -> 0.6 | E263: PAO | F263: Industrial gear oils | G263: Lubrication & friction control | H263: Industrial Goods & Advanced Manufacturing | I263: Primary | J263: gear, bearing, compressor, hydraulic oil 등에 광범위 사용 | K263: Existing | L263: GPT
A264: =_xlfn.XLOOKUP(표14[[#This Row],[material_name]],표2[material_name],표2[material_id]) -> M078 | B264: =_xlfn.XLOOKUP(표14[[#This Row],[application_taxonomy]],표11[application_taxonomy],표11[app_id]) -> A01 | C264: =_xlfn.XLOOKUP(표14[[#This Row],[end_use_industry]],표13[end_use_category],표13[end_use_id]) -> E07 | D264: =_xlfn.XLOOKUP(표14[[#This Row],[importance]],표15[importance],표15[rating]) -> 0.6 | E264: MMA | F264: PMMA molding and extruded resins / sheet | G264: Major chemical intermediate | H264: Industrial Goods & Advanced Manufacturing | I264: Primary | J264: MMA의 대표 대량 수요처는 PMMA 생산용 monomer | K264: Existing | L264: GPT
A265: =_xlfn.XLOOKUP(표14[[#This Row],[material_name]],표2[material_name],표2[material_id]) -> M078 | B265: =_xlfn.XLOOKUP(표14[[#This Row],[application_taxonomy]],표11[application_taxonomy],표11[app_id]) -> A20 | C265: =_xlfn.XLOOKUP(표14[[#This Row],[end_use_industry]],표13[end_use_category],표13[end_use_id]) -> E07 | D265: =_xlfn.XLOOKUP(표14[[#This Row],[importance]],표15[importance],표15[rating]) -> 0.3 | E265: MMA | F265: Adhesives | G265: Adhesive bonding | H265: Industrial Goods & Advanced Manufacturing | I265: Secondary | J265: reactive adhesive formulation에 사용 | K265: Existing | L265: GPT
A266: =_xlfn.XLOOKUP(표14[[#This Row],[material_name]],표2[material_name],표2[material_id]) -> M078 | B266: =_xlfn.XLOOKUP(표14[[#This Row],[application_taxonomy]],표11[application_taxonomy],표11[app_id]) -> A42 | C266: =_xlfn.XLOOKUP(표14[[#This Row],[end_use_industry]],표13[end_use_category],표13[end_use_id]) -> E01 | D266: =_xlfn.XLOOKUP(표14[[#This Row],[importance]],표15[importance],표15[rating]) -> 0.1 | E266: MMA | F266: Mineral surface composites | G266: Composite & performance resins | H266: Construction & Infrastructure | I266: Niche / Emerging | J266: artificial marble 등 composite binder chain으로 사용 | K266: Existing | L266: GPT
A267: =_xlfn.XLOOKUP(표14[[#This Row],[material_name]],표2[material_name],표2[material_id]) -> M079 | B267: =_xlfn.XLOOKUP(표14[[#This Row],[application_taxonomy]],표11[application_taxonomy],표11[app_id]) -> A41 | C267: =_xlfn.XLOOKUP(표14[[#This Row],[end_use_industry]],표13[end_use_category],표13[end_use_id]) -> E01 | D267: =_xlfn.XLOOKUP(표14[[#This Row],[importance]],표15[importance],표15[rating]) -> 0.6 | E267: PMMA | F267: Acrylic sheets / glass substitute | G267: Display & optical materials | H267: Construction & Infrastructure | I267: Primary | J267: 투명성·내후성 기반 sheet, window, signage에 사용 | K267: Existing | L267: GPT
A268: =_xlfn.XLOOKUP(표14[[#This Row],[material_name]],표2[material_name],표2[material_id]) -> M079 | B268: =_xlfn.XLOOKUP(표14[[#This Row],[application_taxonomy]],표11[application_taxonomy],표11[app_id]) -> A41 | C268: =_xlfn.XLOOKUP(표14[[#This Row],[end_use_industry]],표13[end_use_category],표13[end_use_id]) -> E03 | D268: =_xlfn.XLOOKUP(표14[[#This Row],[importance]],표15[importance],표15[rating]) -> 0.6 | E268: PMMA | F268: Automotive lighting lenses | G268: Display & optical materials | H268: Automotive & Future Mobility | I268: Primary | J268: rear light, lamp lens 등 투명 optical component | K268: Existing | L268: GPT
A269: =_xlfn.XLOOKUP(표14[[#This Row],[material_name]],표2[material_name],표2[material_id]) -> M079 | B269: =_xlfn.XLOOKUP(표14[[#This Row],[application_taxonomy]],표11[application_taxonomy],표11[app_id]) -> A41 | C269: =_xlfn.XLOOKUP(표14[[#This Row],[end_use_industry]],표13[end_use_category],표13[end_use_id]) -> E08 | D269: =_xlfn.XLOOKUP(표14[[#This Row],[importance]],표15[importance],표15[rating]) -> 0.3 | E269: PMMA | F269: LCD screens / light guide panels | G269: Display & optical materials | H269: Electronics, Semiconductors & Digital Infrastructure | I269: Secondary | J269: display 및 light-guide용 투명 소재 | K269: Existing | L269: GPT
... A278: =_xlfn.XLOOKUP(표14[[#This Row],[material_name]],표2[material_name],표2[material_id]) -> M082 | B278: =_xlfn.XLOOKUP(표14[[#This Row],[application_taxonomy]],표11[application_taxonomy],표11[app_id]) -> A24 | C278: =_xlfn.XLOOKUP(표14[[#This Row],[end_use_industry]],표13[end_use_category],표13[end_use_id]) -> E07 | D278: =_xlfn.XLOOKUP(표14[[#This Row],[importance]],표15[importance],표15[rating]) -> 0.3 | E278: DMC | F278: Solvents | G278: Solvent & extraction | H278: Industrial Goods & Advanced Manufacturing | I278: Secondary | J278: 친환경 solvent 및 process solvent로 사용 | K278: Existing | L278: GPT
A279: =_xlfn.XLOOKUP(표14[[#This Row],[material_name]],표2[material_name],표2[material_id]) -> M083 | B279: =_xlfn.XLOOKUP(표14[[#This Row],[application_taxonomy]],표11[application_taxonomy],표11[app_id]) -> A02 | C279: =_xlfn.XLOOKUP(표14[[#This Row],[end_use_industry]],표13[end_use_category],표13[end_use_id]) -> E07 | D279: =_xlfn.XLOOKUP(표14[[#This Row],[importance]],표15[importance],표15[rating]) -> 0.6 | E279: PVOH | F279: Polymerization aids | G279: Specialty chemical intermediate | H279: Industrial Goods & Advanced Manufacturing | I279: Primary | J279: 2023년 글로벌 PVOH 최대 용도 27.1% | K279: Existing
A280: =_xlfn.XLOOKUP(표14[[#This Row],[material_name]],표2[material_name],표2[material_id]) -> M083 | B280: =_xlfn.XLOOKUP(표14[[#This Row],[application_taxonomy]],표11[application_taxonomy],표11[app_id]) -> A02 | C280: =_xlfn.XLOOKUP(표14[[#This Row],[end_use_industry]],표13[end_use_category],표13[end_use_id]) -> E03 | D280: =_xlfn.XLOOKUP(표14[[#This Row],[importance]],표15[importance],표15[rating]) -> 0.6 | E280: PVOH | F280: Polyvinyl butyral (PVB) | G280: Specialty chemical intermediate | H280: Automotive & Future Mobility | I280: Primary | J280: PVB는 안전유리 interlayer로 연결되는 주요 PVOH downstream | K280: Existing
A281: =_xlfn.XLOOKUP(표14[[#This Row],[material_name]],표2[material_name],표2[material_id]) -> M083 | B281: =_xlfn.XLOOKUP(표14[[#This Row],[application_taxonomy]],표11[application_taxonomy],표11[app_id]) -> A20 | C281: =_xlfn.XLOOKUP(표14[[#This Row],[end_use_industry]],표13[end_use_category],표13[end_use_id]) -> E07 | D281: =_xlfn.XLOOKUP(표14[[#This Row],[importance]],표15[importance],표15[rating]) -> 0.3 | E281: PVOH | F281: Adhesives | G281: Adhesive bonding | H281: Industrial Goods & Advanced Manufacturing | I281: Secondary | J281: 2023년 주요 용도 12.8% | K281: Existing
A282: =_xlfn.XLOOKUP(표14[[#This Row],[material_name]],표2[material_name],표2[material_id]) -> M083 | B282: =_xlfn.XLOOKUP(표14[[#This Row],[application_taxonomy]],표11[application_taxonomy],표11[app_id]) -> A22 | C282: =_xlfn.XLOOKUP(표14[[#This Row],[end_use_industry]],표13[end_use_category],표13[end_use_id]) -> E02 | D282: =_xlfn.XLOOKUP(표14[[#This Row],[importance]],표15[importance],표15[rating]) -> 0.3 | E282: PVOH | F282: Textile warp sizing | G282: Surface coating | H282: Consumer Products & Packaging | I282: Secondary | J282: 섬유 sizing은 표면 처리·coating 성격의 용도 | K282: Existing
A283: =_xlfn.XLOOKUP(표14[[#This Row],[material_name]],표2[material_name],표2[material_id]) -> M083 | B283: =_xlfn.XLOOKUP(표14[[#This Row],[application_taxonomy]],표11[application_taxonomy],표11[app_id]) -> A22 | C283: =_xlfn.XLOOKUP(표14[[#This Row],[end_use_industry]],표13[end_use_category],표13[end_use_id]) -> E02 | D283: =_xlfn.XLOOKUP(표14[[#This Row],[importance]],표15[importance],표15[rating]) -> 0.3 | E283: PVOH | F283: Paper sizings and coatings | G283: Surface coating | H283: Consumer Products & Packaging | I283: Secondary | J283: 종이 sizing 및 coating binder 용도 | K283: Existing
A284: =_xlfn.XLOOKUP(표14[[#This Row],[material_name]],표2[material_name],표2[material_id]) -> M083 | B284: =_xlfn.XLOOKUP(표14[[#This Row],[application_taxonomy]],표11[application_taxonomy],표11[app_id]) -> A07 | C284: =_xlfn.XLOOKUP(표14[[#This Row],[end_use_industry]],표13[end_use_category],표13[end_use_id]) -> E02 | D284: =_xlfn.XLOOKUP(표14[[#This Row],[importance]],표15[importance],표15[rating]) -> 0.1 | E284: PVOH | F284: PVOH films | G284: Barrier packaging | H284: Consumer Products & Packaging | I284: Niche / Emerging | J284: 수용성·특수 필름 용도이나 전체 비중은 작음 | K284: Existing
A285: =_xlfn.XLOOKUP(표14[[#This Row],[material_name]],표2[material_name],표2[material_id]) -> M084 | B285: =_xlfn.XLOOKUP(표14[[#This Row],[application_taxonomy]],표11[application_taxonomy],표11[app_id]) -> A14 | C285: =_xlfn.XLOOKUP(표14[[#This Row],[end_use_industry]],표13[end_use_category],표13[end_use_id]) -> E04 | D285: =_xlfn.XLOOKUP(표14[[#This Row],[importance]],표15[importance],표15[rating]) -> 0.6 | E285: EVA | F285: Solar photovoltaic modules / encapsulation sheets | G285: Renewable energy materials | H285: Energy, Power & Utilities | I285: Primary | J285: 2025년 EVA 수요의 41%로 최대·고성장 용도 | K285: Existing
A286: =_xlfn.XLOOKUP(표14[[#This Row],[material_name]],표2[material_name],표2[material_id]) -> M084 | B286: =_xlfn.XLOOKUP(표14[[#This Row],[application_taxonomy]],표11[application_taxonomy],표11[app_id]) -> A17 | C286: =_xlfn.XLOOKUP(표14[[#This Row],[end_use_industry]],표13[end_use_category],표13[end_use_id]) -> E02 | D286: =_xlfn.XLOOKUP(표14[[#This Row],[importance]],표15[importance],표15[rating]) -> 0.3 | E286: EVA | F286: Consumer goods / foams | G286: Cushioning & comfort materials | H286: Consumer Products & Packaging | I286: Secondary | J286: footwear·fitness foam 등 소비재 용도 | K286: Existing
A287: =_xlfn.XLOOKUP(표14[[#This Row],[material_name]],표2[material_name],표2[material_id]) -> M084 | B287: =_xlfn.XLOOKUP(표14[[#This Row],[application_taxonomy]],표11[application_taxonomy],표11[app_id]) -> A13 | C287: =_xlfn.XLOOKUP(표14[[#This Row],[end_use_industry]],표13[end_use_category],표13[end_use_id]) -> E04 | D287: =_xlfn.XLOOKUP(표14[[#This Row],[importance]],표15[importance],표15[rating]) -> 0.1 | E287: EVA | F287: Wire and cable | G287: Electrical insulation | H287: Energy, Power & Utilities | I287: Niche / Emerging | J287: 2025년 EVA 수요의 13%로 의미 있는 절연 용도 | K287: Existing
A288: =_xlfn.XLOOKUP(표14[[#This Row],[material_name]],표2[material_name],표2[material_id]) -> M084 | B288: =_xlfn.XLOOKUP(표14[[#This Row],[application_taxonomy]],표11[application_taxonomy],표11[app_id]) -> A20 | C288: =_xlfn.XLOOKUP(표14[[#This Row],[end_use_industry]],표13[end_use_category],표13[end_use_id]) -> E07 | D288: =_xlfn.XLOOKUP(표14[[#This Row],[importance]],표15[importance],표15[rating]) -> 0.1 | E288: EVA | F288: Hot-melt adhesives | G288: Adhesive bonding | H288: Industrial Goods & Advanced Manufacturing | I288: Niche / Emerging | J288: 고 VAM grade의 대표 접착 application | K288: Existing
A289: =_xlfn.XLOOKUP(표14[[#This Row],[material_name]],표2[material_name],표2[material_id]) -> M084 | B289: =_xlfn.XLOOKUP(표14[[#This Row],[application_taxonomy]],표11[application_taxonomy],표11[app_id]) -> A05 | C289: =_xlfn.XLOOKUP(표14[[#This Row],[end_use_industry]],표13[end_use_category],표13[end_use_id]) -> E02 | D289: =_xlfn.XLOOKUP(표14[[#This Row],[importance]],표15[importance],표15[rating]) -> 0.1 | E289: EVA | F289: Packaging films / heat-seal films | G289: Flexible packaging | H289: Consumer Products & Packaging | I289: Niche / Emerging | J289: VAM이 열봉합성·clarity·cling을 개선해 필름에 사용 | K289: Existing
A290: =_xlfn.XLOOKUP(표14[[#This Row],[material_name]],표2[material_name],표2[material_id]) -> M085 | B290: =_xlfn.XLOOKUP(표14[[#This Row],[application_taxonomy]],표11[application_taxonomy],표11[app_id]) -> A01 | C290: =_xlfn.XLOOKUP(표14[[#This Row],[end_use_industry]],표13[end_use_category],표13[end_use_id]) -> E01 | D290: =_xlfn.XLOOKUP(표14[[#This Row],[importance]],표15[importance],표15[rating]) -> 0.6 | E290: MDI | F290: Rigid polyurethane foams | G290: Major chemical intermediate | H290: Construction & Infrastructure | I290: Primary | J290: 2024년 MDI 소비의 53%를 차지하는 최대 용도이며 건축 insulation 수요가 핵심 | K290: Existing
... A347: =_xlfn.XLOOKUP(표14[[#This Row],[material_name]],표2[material_name],표2[material_id]) -> M102 | B347: =_xlfn.XLOOKUP(표14[[#This Row],[application_taxonomy]],표11[application_taxonomy],표11[app_id]) -> A02 | C347: =_xlfn.XLOOKUP(표14[[#This Row],[end_use_industry]],표13[end_use_category],표13[end_use_id]) -> E07 | D347: =_xlfn.XLOOKUP(표14[[#This Row],[importance]],표15[importance],표15[rating]) -> 0.1 | E347: Isoprene | F347: Epoxy hardeners | G347: Specialty chemical intermediate | H347: Industrial Goods & Advanced Manufacturing | I347: Niche / Emerging | J347: epoxy hardener 원료로 언급되지만 기타 소량 application에 해당. | K347: Existing
A348: =_xlfn.XLOOKUP(표14[[#This Row],[material_name]],표2[material_name],표2[material_id]) -> M103 | B348: =_xlfn.XLOOKUP(표14[[#This Row],[application_taxonomy]],표11[application_taxonomy],표11[app_id]) -> A03 | C348: =_xlfn.XLOOKUP(표14[[#This Row],[end_use_industry]],표13[end_use_category],표13[end_use_id]) -> E07 | D348: =_xlfn.XLOOKUP(표14[[#This Row],[importance]],표15[importance],표15[rating]) -> 0.6 | E348: Piperylene | F348: Petroleum resin feedstock | G348: Reactive monomer / comonomer | H348: Industrial Goods & Advanced Manufacturing | I348: Primary | J348: C5 petroleum resin 제조의 핵심 반응성 원료로 가장 대표적인 수요처 | K348: Existing | L348: GPT
A349: =_xlfn.XLOOKUP(표14[[#This Row],[material_name]],표2[material_name],표2[material_id]) -> M103 | B349: =_xlfn.XLOOKUP(표14[[#This Row],[application_taxonomy]],표11[application_taxonomy],표11[app_id]) -> A20 | C349: =_xlfn.XLOOKUP(표14[[#This Row],[end_use_industry]],표13[end_use_category],표13[end_use_id]) -> E07 | D349: =_xlfn.XLOOKUP(표14[[#This Row],[importance]],표15[importance],표15[rating]) -> 0.6 | E349: Piperylene | F349: Hot-melt adhesive resin | G349: Adhesive bonding | H349: Industrial Goods & Advanced Manufacturing | I349: Primary | J349: Piperylene 기반 hydrocarbon resin이 핫멜트 접착제의 점착성 부여에 광범위하게 사용 | K349: Existing | L349: GPT
A350: =_xlfn.XLOOKUP(표14[[#This Row],[material_name]],표2[material_name],표2[material_id]) -> M103 | B350: =_xlfn.XLOOKUP(표14[[#This Row],[application_taxonomy]],표11[application_taxonomy],표11[app_id]) -> A20 | C350: =_xlfn.XLOOKUP(표14[[#This Row],[end_use_industry]],표13[end_use_category],표13[end_use_id]) -> E02 | D350: =_xlfn.XLOOKUP(표14[[#This Row],[importance]],표15[importance],표15[rating]) -> 0.3 | E350: Piperylene | F350: Pressure-sensitive adhesive (PSA) resin | G350: Adhesive bonding | H350: Consumer Products & Packaging | I350: Secondary | J350: 라벨·테이프용 PSA resin의 tackifier 원료로 사용 | K350: Existing | L350: GPT
A351: =_xlfn.XLOOKUP(표14[[#This Row],[material_name]],표2[material_name],표2[material_id]) -> M103 | B351: =_xlfn.XLOOKUP(표14[[#This Row],[application_taxonomy]],표11[application_taxonomy],표11[app_id]) -> A19 | C351: =_xlfn.XLOOKUP(표14[[#This Row],[end_use_industry]],표13[end_use_category],표13[end_use_id]) -> E03 | D351: =_xlfn.XLOOKUP(표14[[#This Row],[importance]],표15[importance],표15[rating]) -> 0.3 | E351: Piperylene | F351: Tire rubber compounding resin | G351: Tire & rubber applications | H351: Automotive & Future Mobility | I351: Secondary | J351: 타이어 및 고무 컴파운드의 성능 향상용 resin 원료 | K351: Existing | L351: GPT
A352: =_xlfn.XLOOKUP(표14[[#This Row],[material_name]],표2[material_name],표2[material_id]) -> M103 | B352: =_xlfn.XLOOKUP(표14[[#This Row],[application_taxonomy]],표11[application_taxonomy],표11[app_id]) -> A03 | C352: =_xlfn.XLOOKUP(표14[[#This Row],[end_use_industry]],표13[end_use_category],표13[end_use_id]) -> E07 | D352: =_xlfn.XLOOKUP(표14[[#This Row],[importance]],표15[importance],표15[rating]) -> 0.3 | E352: Piperylene | F352: Synthetic rubber intermediate | G352: Reactive monomer / comonomer | H352: Industrial Goods & Advanced Manufacturing | I352: Secondary | J352: 공중합체 및 특수 고무 제조에 사용되는 반응성 디엔 원료 | K352: Existing | L352: GPT
A353: =_xlfn.XLOOKUP(표14[[#This Row],[material_name]],표2[material_name],표2[material_id]) -> M103 | B353: =_xlfn.XLOOKUP(표14[[#This Row],[application_taxonomy]],표11[application_taxonomy],표11[app_id]) -> A21 | C353: =_xlfn.XLOOKUP(표14[[#This Row],[end_use_industry]],표13[end_use_category],표13[end_use_id]) -> E01 | D353: =_xlfn.XLOOKUP(표14[[#This Row],[importance]],표15[importance],표15[rating]) -> 0.3 | E353: Piperylene | F353: Sealant and caulking formulations | G353: Sealants & joint protection | H353: Construction & Infrastructure | I353: Secondary | J353: hydrocarbon resin 형태로 실란트의 점착 및 성능 개선에 사용 | K353: Existing | L353: GPT
A354: =_xlfn.XLOOKUP(표14[[#This Row],[material_name]],표2[material_name],표2[material_id]) -> M103 | B354: =_xlfn.XLOOKUP(표14[[#This Row],[application_taxonomy]],표11[application_taxonomy],표11[app_id]) -> A23 | C354: =_xlfn.XLOOKUP(표14[[#This Row],[end_use_industry]],표13[end_use_category],표13[end_use_id]) -> E02 | D354: =_xlfn.XLOOKUP(표14[[#This Row],[importance]],표15[importance],표15[rating]) -> 0.1 | E354: Piperylene | F354: Printing ink resin | G354: Printing inks & graphic materials | H354: Consumer Products & Packaging | I354: Niche / Emerging | J354: 인쇄잉크용 resin 조성에 제한적으로 사용 | K354: Existing | L354: GPT
A355: =_xlfn.XLOOKUP(표14[[#This Row],[material_name]],표2[material_name],표2[material_id]) -> M103 | B355: =_xlfn.XLOOKUP(표14[[#This Row],[application_taxonomy]],표11[application_taxonomy],표11[app_id]) -> A22 | C355: =_xlfn.XLOOKUP(표14[[#This Row],[end_use_industry]],표13[end_use_category],표13[end_use_id]) -> E07 | D355: =_xlfn.XLOOKUP(표14[[#This Row],[importance]],표15[importance],표15[rating]) -> 0.1 | E355: Piperylene | F355: Coating resin modifier | G355: Surface coating | H355: Industrial Goods & Advanced Manufacturing | I355: Niche / Emerging | J355: 특수 코팅용 hydrocarbon resin 원료로 사용 | K355: Existing | L355: GPT
A356: =_xlfn.XLOOKUP(표14[[#This Row],[material_name]],표2[material_name],표2[material_id]) -> M104 | B356: =_xlfn.XLOOKUP(표14[[#This Row],[application_taxonomy]],표11[application_taxonomy],표11[app_id]) -> A20 | C356: =_xlfn.XLOOKUP(표14[[#This Row],[end_use_industry]],표13[end_use_category],표13[end_use_id]) -> E02 | D356: =_xlfn.XLOOKUP(표14[[#This Row],[importance]],표15[importance],표15[rating]) -> 0.6 | E356: DCPD | F356: Hydrocarbon resins | G356: Adhesive bonding | H356: Consumer Products & Packaging | I356: Primary | J356: DCPD 최대 수요처이며 hot-melt adhesive, PSA label, diaper adhesive와 연결. | K356: Existing
...

Sheet end_use_id
A1: end_use_id | B1: end_use_category | C1: Chemical Related Demand | D1: specialty_count | E1: specialty_avg_cagr | F1: specialty_max_cagr | G1: norm_count | H1: norm_avg | I1: norm_max | J1: specialty_opp | K1: stategy_12 | L1: stategy_50 | M1: stategy_opp | N1: ind_growth | O1: end_use_att
A2: E01 | B2: Construction & Infrastructure | C2: PVC pipe, flooring, insulation, coatings, construction chemicals | D2: =COUNTIF(표16[end_use_category],표13[[#This Row],[end_use_category]]) -> 7 | E2: =AVERAGEIF(표16[end_use_category],표13[[#This Row],[end_use_category]],표16[specialty_cagr]) -> 0.025588715 | F2: =_xlfn.MAXIFS(표16[specialty_cagr],표16[end_use_category],표13[[#This Row],[end_use_category]]) -> 0.034040616 | G2: =(표13[[#This Row],[specialty_count]]-MIN(표13[specialty_count]))/(MAX(표13[specialty_count])-MIN(표13[specialty_count]))*10 -> 1.8181818 | H2: =(표13[[#This Row],[specialty_avg_cagr]]-MIN(표13[specialty_avg_cagr]))/(MAX(표13[specialty_avg_cagr])-MIN(표13[specialty_avg_cagr]))*10 -> 5.1469085 | I2: =(표13[[#This Row],[specialty_max_cagr]]-MIN(표13[specialty_max_cagr]))/(MAX(표13[specialty_max_cagr])-MIN(표13[specialty_max_cagr]))*10 -> 0.77720613 | J2: =표13[[#This Row],[norm_count]]*rating!$B$5+표13[[#This Row],[norm_avg]]*rating!$B$6+표13[[#This Row],[norm_max]]*rating!$B$7 -> 3.2223012 | K2: 0 | L2: 0 | M2: =(표13[[#This Row],[stategy_12]]*rating!$B$8+표13[[#This Row],[stategy_50]]*rating!$B$9)*10 -> 0 | O2: =AVERAGE(표13[[#This Row],[specialty_opp]:[ind_growth]]) -> 0.8055753
A3: E02 | B3: Consumer Products & Packaging | C3: Packaging, hygiene, personal care, household products | D3: =COUNTIF(표16[end_use_category],표13[[#This Row],[end_use_category]]) -> 11 | E3: =AVERAGEIF(표16[end_use_category],표13[[#This Row],[end_use_category]],표16[specialty_cagr]) -> 0.027473582 | F3: =_xlfn.MAXIFS(표16[specialty_cagr],표16[end_use_category],표13[[#This Row],[end_use_category]]) -> 0.036406497 | G3: =(표13[[#This Row],[specialty_count]]-MIN(표13[specialty_count]))/(MAX(표13[specialty_count])-MIN(표13[specialty_count]))*10 -> 5.4545455 | H3: =(표13[[#This Row],[specialty_avg_cagr]]-MIN(표13[specialty_avg_cagr]))/(MAX(표13[specialty_avg_cagr])-MIN(표13[specialty_avg_cagr]))*10 -> 5.8637931 | I3: =(표13[[#This Row],[specialty_max_cagr]]-MIN(표13[specialty_max_cagr]))/(MAX(표13[specialty_max_cagr])-MIN(표13[specialty_max_cagr]))*10 -> 1.3701767 | J3: =표13[[#This Row],[norm_count]]*rating!$B$5+표13[[#This Row],[norm_avg]]*rating!$B$6+표13[[#This Row],[norm_max]]*rating!$B$7 -> 4.6380771 | K3: 0.16666667 | L3: 0.06 | M3: =(표13[[#This Row],[stategy_12]]*rating!$B$8+표13[[#This Row],[stategy_50]]*rating!$B$9)*10 -> 1.3466667 | O3: =AVERAGE(표13[[#This Row],[specialty_opp]:[ind_growth]]) -> 1.5528526
A4: E03 | B4: Automotive & Future Mobility | C4: Automotive plastics, elastomers, lightweighting, thermal materials | D4: =COUNTIF(표16[end_use_category],표13[[#This Row],[end_use_category]]) -> 9 | E4: =AVERAGEIF(표16[end_use_category],표13[[#This Row],[end_use_category]],표16[specialty_cagr]) -> 0.01870127 | F4: =_xlfn.MAXIFS(표16[specialty_cagr],표16[end_use_category],표13[[#This Row],[end_use_category]]) -> 0.034040616 | G4: =(표13[[#This Row],[specialty_count]]-MIN(표13[specialty_count]))/(MAX(표13[specialty_count])-MIN(표13[specialty_count]))*10 -> 3.6363636 | H4: =(표13[[#This Row],[specialty_avg_cagr]]-MIN(표13[specialty_avg_cagr]))/(MAX(표13[specialty_avg_cagr])-MIN(표13[specialty_avg_cagr]))*10 -> 2.5273584 | I4: =(표13[[#This Row],[specialty_max_cagr]]-MIN(표13[specialty_max_cagr]))/(MAX(표13[specialty_max_cagr])-MIN(표13[specialty_max_cagr]))*10 -> 0.77720613 | J4: =표13[[#This Row],[norm_count]]*rating!$B$5+표13[[#This Row],[norm_avg]]*rating!$B$6+표13[[#This Row],[norm_max]]*rating!$B$7 -> 2.3670716 | K4: 0.66666667 | L4: 0.42 | M4: =(표13[[#This Row],[stategy_12]]*rating!$B$8+표13[[#This Row],[stategy_50]]*rating!$B$9)*10 -> 5.9266667 | O4: =AVERAGE(표13[[#This Row],[specialty_opp]:[ind_growth]]) -> 2.3451012
A5: E04 | B5: Energy, Power & Utilities | C5: Wire & cable, electrical insulation, solar, refinery, gas treatment | D5: =COUNTIF(표16[end_use_category],표13[[#This Row],[end_use_category]]) -> 9 | E5: =AVERAGEIF(표16[end_use_category],표13[[#This Row],[end_use_category]],표16[specialty_cagr]) -> 0.01205622 | F5: =_xlfn.MAXIFS(표16[specialty_cagr],표16[end_use_category],표13[[#This Row],[end_use_category]]) -> 0.048304526 | G5: =(표13[[#This Row],[specialty_count]]-MIN(표13[specialty_count]))/(MAX(표13[specialty_count])-MIN(표13[specialty_count]))*10 -> 3.6363636 | H5: =(표13[[#This Row],[specialty_avg_cagr]]-MIN(표13[specialty_avg_cagr]))/(MAX(표13[specialty_avg_cagr])-MIN(표13[specialty_avg_cagr]))*10 -> 0 | I5: =(표13[[#This Row],[specialty_max_cagr]]-MIN(표13[specialty_max_cagr]))/(MAX(표13[specialty_max_cagr])-MIN(표13[specialty_max_cagr]))*10 -> 4.3522287 | J5: =표13[[#This Row],[norm_count]]*rating!$B$5+표13[[#This Row],[norm_avg]]*rating!$B$6+표13[[#This Row],[norm_max]]*rating!$B$7 -> 1.9971481 | K5: 0.75 | L5: 0.32 | M5: =(표13[[#This Row],[stategy_12]]*rating!$B$8+표13[[#This Row],[stategy_50]]*rating!$B$9)*10 -> 6.21 | O5: =AVERAGE(표13[[#This Row],[specialty_opp]:[ind_growth]]) -> 2.319287
A6: E05 | B6: Healthcare & Life Sciences | C6: Medical tubing, blood bags, healthcare materials | D6: =COUNTIF(표16[end_use_category],표13[[#This Row],[end_use_category]]) -> 6 | E6: =AVERAGEIF(표16[end_use_category],표13[[#This Row],[end_use_category]],표16[specialty_cagr]) -> 0.030983783 | F6: =_xlfn.MAXIFS(표16[specialty_cagr],표16[end_use_category],표13[[#This Row],[end_use_category]]) -> 0.040228777 | G6: =(표13[[#This Row],[specialty_count]]-MIN(표13[specialty_count]))/(MAX(표13[specialty_count])-MIN(표13[specialty_count]))*10 -> 0.90909091 | H6: =(표13[[#This Row],[specialty_avg_cagr]]-MIN(표13[specialty_avg_cagr]))/(MAX(표13[specialty_avg_cagr])-MIN(표13[specialty_avg_cagr]))*10 -> 7.1988524 | I6: =(표13[[#This Row],[specialty_max_cagr]]-MIN(표13[specialty_max_cagr]))/(MAX(표13[specialty_max_cagr])-MIN(표13[specialty_max_cagr]))*10 -> 2.3281704 | J6: =표13[[#This Row],[norm_count]]*rating!$B$5+표13[[#This Row],[norm_avg]]*rating!$B$6+표13[[#This Row],[norm_max]]*rating!$B$7 -> 4.4087415 | K6: 0.41666667 | L6: 0.28 | M6: =(표13[[#This Row],[stategy_12]]*rating!$B$8+표13[[#This Row],[stategy_50]]*rating!$B$9)*10 -> 3.7566667 | O6: =AVERAGE(표13[[#This Row],[specialty_opp]:[ind_growth]]) -> 2.2155187
A7: E06 | B7: Agriculture | C7: Agricultural film, irrigation, crop protection | D7: =COUNTIF(표16[end_use_category],표13[[#This Row],[end_use_category]]) -> 5 | E7: =AVERAGEIF(표16[end_use_category],표13[[#This Row],[end_use_category]],표16[specialty_cagr]) -> 0.027317235 | F7: =_xlfn.MAXIFS(표16[specialty_cagr],표16[end_use_category],표13[[#This Row],[end_use_category]]) -> 0.030939657 | G7: =(표13[[#This Row],[specialty_count]]-MIN(표13[specialty_count]))/(MAX(표13[specialty_count])-MIN(표13[specialty_count]))*10 -> 0 | H7: =(표13[[#This Row],[specialty_avg_cagr]]-MIN(표13[specialty_avg_cagr]))/(MAX(표13[specialty_avg_cagr])-MIN(표13[specialty_avg_cagr]))*10 -> 5.8043284 | I7: =(표13[[#This Row],[specialty_max_cagr]]-MIN(표13[specialty_max_cagr]))/(MAX(표13[specialty_max_cagr])-MIN(표13[specialty_max_cagr]))*10 -> 0 | J7: =표13[[#This Row],[norm_count]]*rating!$B$5+표13[[#This Row],[norm_avg]]*rating!$B$6+표13[[#This Row],[norm_max]]*rating!$B$7 -> 2.9021642 | K7: 0.16666667 | L7: 0.08 | M7: =(표13[[#This Row],[stategy_12]]*rating!$B$8+표13[[#This Row],[stategy_50]]*rating!$B$9)*10 -> 1.4066667 | O7: =AVERAGE(표13[[#This Row],[specialty_opp]:[ind_growth]]) -> 1.1388744
A8: E07 | B8: Industrial Goods & Advanced Manufacturing | C8: Coatings, solvents, lubricants, industrial chemicals | D8: =COUNTIF(표16[end_use_category],표13[[#This Row],[end_use_category]]) -> 16 | E8: =AVERAGEIF(표16[end_use_category],표13[[#This Row],[end_use_category]],표16[specialty_cagr]) -> 0.023583045 | F8: =_xlfn.MAXIFS(표16[specialty_cagr],표16[end_use_category],표13[[#This Row],[end_use_category]]) -> 0.036406497 | G8: =(표13[[#This Row],[specialty_count]]-MIN(표13[specialty_count]))/(MAX(표13[specialty_count])-MIN(표13[specialty_count]))*10 -> 10 | H8: =(표13[[#This Row],[specialty_avg_cagr]]-MIN(표13[specialty_avg_cagr]))/(MAX(표13[specialty_avg_cagr])-MIN(표13[specialty_avg_cagr]))*10 -> 4.384078 | I8: =(표13[[#This Row],[specialty_max_cagr]]-MIN(표13[specialty_max_cagr]))/(MAX(표13[specialty_max_cagr])-MIN(표13[specialty_max_cagr]))*10 -> 1.3701767 | J8: =표13[[#This Row],[norm_count]]*rating!$B$5+표13[[#This Row],[norm_avg]]*rating!$B$6+표13[[#This Row],[norm_max]]*rating!$B$7 -> 5.0345832 | K8: 0.83333333 | L8: 0.44 | M8: =(표13[[#This Row],[stategy_12]]*rating!$B$8+표13[[#This Row],[stategy_50]]*rating!$B$9)*10 -> 7.1533333 | O8: =AVERAGE(표13[[#This Row],[specialty_opp]:[ind_growth]]) -> 3.3653125
A9: E08 | B9: Electronics, Semiconductors & Digital Infrastructure | C9: Semiconductor chemicals, electronic materials, display films | D9: =COUNTIF(표16[end_use_category],표13[[#This Row],[end_use_category]]) -> 9 | E9: =AVERAGEIF(표16[end_use_category],표13[[#This Row],[end_use_category]],표16[specialty_cagr]) -> 0.038348693 | F9: =_xlfn.MAXIFS(표16[specialty_cagr],표16[end_use_category],표13[[#This Row],[end_use_category]]) -> 0.070838454 | G9: =(표13[[#This Row],[specialty_count]]-MIN(표13[specialty_count]))/(MAX(표13[specialty_count])-MIN(표13[specialty_count]))*10 -> 3.6363636 | H9: =(표13[[#This Row],[specialty_avg_cagr]]-MIN(표13[specialty_avg_cagr]))/(MAX(표13[specialty_avg_cagr])-MIN(표13[specialty_avg_cagr]))*10 -> 10 | I9: =(표13[[#This Row],[specialty_max_cagr]]-MIN(표13[specialty_max_cagr]))/(MAX(표13[specialty_max_cagr])-MIN(표13[specialty_max_cagr]))*10 -> 10 | J9: =표13[[#This Row],[norm_count]]*rating!$B$5+표13[[#This Row],[norm_avg]]*rating!$B$6+표13[[#This Row],[norm_max]]*rating!$B$7 -> 8.4090909 | K9: 0.75 | L9: 0.56 | M9: =(표13[[#This Row],[stategy_12]]*rating!$B$8+표13[[#This Row],[stategy_50]]*rating!$B$9)*10 -> 6.93 | O9: =AVERAGE(표13[[#This Row],[specialty_opp]:[ind_growth]]) -> 4.1622727

Sheet app_id
A1: app_id | B1: application_taxonomy | C1: Definition
A2: A01 | B2: Major chemical intermediate | C2: Dominant intermediate to major downstream chain
A3: A02 | B3: Specialty chemical intermediate | C3: Intermediate feeding multiple specialty chains
A4: A03 | B4: Reactive monomer / comonomer | C4: Reactive polymer or resin feedstock
A5: A04 | B5: Polymer resin / molding material | C5: Resin used for molding or shaping
A6: A05 | B6: Flexible packaging | C6: Flexible film or pouch packaging
A7: A06 | B7: Rigid packaging | C7: Bottle, container, rigid packaging
A8: A07 | B8: Barrier packaging | C8: Moisture/oxygen/aroma barrier
A9: A08 | B9: Protective packaging | C9: Cushioning and protective packaging
A10: A09 | B10: Pipe & fluid conveyance | C10: Pipe, tubing, fluid transfer
A11: A10 | B11: Building materials & profiles | C11: Building profiles and construction materials
A12: A11 | B12: Flooring & interior materials | C12: Flooring and interior surfaces
... A44: A43 | B44: Fuel / fuel additive | C44: Fuel or fuel additive

Sheet Sheet7
A3: 행 레이블 | B3: 최대 : end_use_att
A4: 1-Butene | B4: 3.6234649
A5: 2-ethylhexanol | B5: 4.5754565
A6: ABS | B6: 10.999394
A7: Acetone | B7: 4.5754565
A8: Acrylate Ester | B8: 3.6234649
A9: Acrylic acid | B9: 5.9111931
A10: Adipic Acid | B10: 4.157096
A11: AN | B11: 6.3698362
A12: Aniline | B12: 6.4707182
A13: BPA | B13: 4.5754565
A14: BR | B14: 5.7074548
A15: Butadiene | B15: 4.5754565
... A90: 총합계 | B90: 11.951386

Sheet specialty_master
A1: No | B1: Category | C1: Category2 | D1: Category3 | E1: Category4 | F1: Main product | G1: Starting Material | H1: Petrochemical 연관성 | I1: Intermediate | J1: main petrochemical chain | K1: Compound annual growth rate. 2025-30(percent) | L1: Selected | M1: related_chemical
A2: 1 | B2: Electronic chemicals | C2: Semiconductors, silicon and IC process chemicals | D2: Wafer substrates | E2: Silicon wafers | F2: Logic/Memory용 300 mm silicon wafer | G2: Quartz/Silica | H2: - | I2: Polysilicon, Single-crystal silicon ingot | J2: Quartz/Silica → Metallurgical silicon → Polysilicon → Silicon ingot → Silicon wafer | K2: 0.05939114 | L2: Δ | M2: X
A3: 2 | B3: Electronic chemicals | C3: Semiconductors, silicon and IC process chemicals | D3: Wafer substrates | E3: Silicon carbide (SiC) wafers | F3: EV power semiconductor용 SiC wafer | G3: Quartz/Silica, Petroleum coke | H3: - | I3: SiC powder/crystal boule | J3: Silica + Carbon source → SiC crystal → SiC wafer | K3: 0.14004835 | L3: Δ | M3: X
A4: 3 | B4: Electronic chemicals | C4: Semiconductors, silicon and IC process chemicals | D4: Wafer substrates | E4: Sapphire wafers | F4: LED/RF/compound semiconductor substrate | G4: Alumina/Bauxite | H4: - | I4: High-purity alumina, Sapphire ingot | J4: Bauxite → Alumina → Sapphire crystal → Sapphire wafer | K4: -0.003053488 | L4: Δ | M4: X
A5: 4 | B5: Electronic chemicals | C5: Semiconductors, silicon and IC process chemicals | D5: Wafer substrates | E5: Other semiconductor wafers | F5: GaAs/InP compound semiconductor wafer | G5: Gallium, Arsenic, Indium, Phosphorus | H5: - | I5: GaAs/InP crystal ingot | J5: Specialty metals → Compound semiconductor crystal → Wafer | K5: 0.061178646 | L5: Δ | M5: X
A6: 5 | B6: Electronic chemicals | C6: Semiconductors, silicon and IC process chemicals | D6: Electronic gases | E6: Atmospheric gases | F6: High-purity N2/O2/Ar for purge, oxidation and process atmosphere | G6: Air | H6: - | I6: High-purity nitrogen, oxygen, argon | J6: Air separation → Electronic-grade atmospheric gas | K6: 0.060874568 | L6: Δ | M6: X
A7: 6 | B7: Electronic chemicals | C7: Semiconductors, silicon and IC process chemicals | D7: Electronic gases | E7: Specialty gases | F7: Deposition/etching/cleaning gases for CVD/etch process | G7: Silicon, Fluorine, Chlorine, Ammonia | H7: △ | I7: Silane, NF3, WF6, HCl, NH3, TEOS-type precursors | J7: Inorganic/silicon/fluorine chemistry → Specialty electronic gas | K7: 0.052768113 | L7: Δ | M7: X
A8: 7 | B8: Electronic chemicals | C8: Semiconductors, silicon and IC process chemicals | D8: Metal and dielectric materials | E8: Thin-film metals (sputtering targets) | F8: Cu/Al/Ta/Ti/W sputtering target for interconnect/barrier layer | G8: Copper, Aluminum, Titanium, Tantalum, Tungsten | H8: - | I8: High-purity metal target | J8: Metal refining → Ultra-high-purity target → Thin-film deposition | K8: 0.0648604 | L8: Δ | M8: X
A9: 8 | B9: Electronic chemicals | C9: Semiconductors, silicon and IC process chemicals | D9: Metal and dielectric materials | E9: Dielectric materialsc | F9: Low-k / High-k dielectric precursor for insulating layer | G9: Silicon, Hafnium/Zirconium, Organosilicon | H9: - | I9: TEOS, silane precursor, Hf/Zr precursor | J9: Silicon/metal-organic chemistry → Dielectric precursor → Thin-film dielectric | K9: 0.067418391 | L9: Δ | M9: X
A10: 9 | B10: Electronic chemicals | C10: Semiconductors, silicon and IC process chemicals | D10: Photoresists | E10: g-/i-line (436/365 nm) | F10: Mature-node photoresist for display/legacy semiconductor process | G10: Benzene, Phenol, Naphthalene | H10: ○ | I10: Novolac resin, DNQ sensitizer | J10: BTX → Phenolic resin/DNQ chemistry → g-/i-line photoresist | K10: 0.053194208 | L10: Δ | M10: Phenol
A11: 10 | B11: Electronic chemicals | C11: Semiconductors, silicon and IC process chemicals | D11: Photoresists | E11: KrF (248 nm) | F11: DUV photoresist for semiconductor lithography | G11: Benzene, Styrene | H11: ○ | I11: Hydroxystyrene polymer, Photoacid generator | J11: BTX → Styrenic polymer/PAG → KrF photoresist | K11: 0.067762556 | L11: Δ | M11: Styrene
A12: 11 | B12: Electronic chemicals | C12: Semiconductors, silicon and IC process chemicals | D12: Photoresists | E12: ArF (193 nm) | F12: Advanced DUV photoresist for fine patterning | G12: Propylene, Fluorochemical feed | H12: △ | I12: Acrylate/methacrylate polymer, PAG | J12: Propylene/acrylate + fluorochemical chain → ArF photoresist | K12: 0.083092445 | L12: Δ | M12: Propylene
A13: 12 | B13: Electronic chemicals | C13: Semiconductors, silicon and IC process chemicals | D13: Photoresists | E13: EUV (13.5 nm) | F13: Leading-edge EUV photoresist for advanced logic/memory | G13: Aromatics, Fluorochemicals, Metal precursors | H13: △ | I13: Chemically amplified resist, PAG, Metal-oxide resist precursor | J13: Specialty organic/fluorine/metal precursor → EUV resist | K13: 0.17105379 | L13: Δ | M13: x
... A31: 30 | B31: Electronic chemicals | C31: Display materials | D31: Optical and functional films | E31: OLED - Anisotropic conductive film (ACF) | F31: Conductive bonding film for OLED module | G31: Benzene, Propylene, Metal particles | H31: △ | I31: Epoxy/acrylic adhesive, Conductive particles | J31: BTX/propylene → Adhesive resin + Metal particles → ACF | K31: 0.071726208 | L31: Δ | M31: Epoxy resin
A32: 31 | B32: Electronic chemicals | C32: Display materials | D32: Liquid crystals | F32: LCD liquid crystal mixture | G32: Benzene, Toluene, Fluorochemicals | H32: △ | I32: Fluorinated biphenyl/cyclohexane LC intermediates | J32: BTX/fluorochemical chain → Mesogenic intermediates → LC mixture | K32: 0.009 | L32: Δ | M32: x
A33: 32 | B33: Electronic chemicals | C33: Display materials | D33: Organic materials for OLED | E33: EML host material | F33: OLED emission-layer host | G33: Benzene, Toluene, Naphthalene | H33: ○ | I33: Carbazole, Anthracene, Triazine, Phosphine oxide derivatives | J33: Aromatics → Organic semiconductor intermediate → OLED host | K33: 0.072451961 | L33: Δ | M33: x
A34: 33 | B34: Electronic chemicals | C34: Display materials | D34: Organic materials for OLED | E34: EML host material - EML dopant | F34: OLED emitter/dopant | G34: Aromatics, Iridium/Platinum | H34: △ | I34: Phosphorescent/fluorescent dopant complex | J34: Aromatics + Precious metal complex → OLED dopant | K34: 0.072451961 | L34: Δ | M34: x
A35: 34 | B35: Electronic chemicals | C35: Display materials | D35: Organic materials for OLED | E35: EML host material - Other layers | F35: HTL/ETL/HIL/EIL materials | G35: Aromatics, Fluorochemicals, Metal precursors | H35: △ | I35: Amine, Spiro, Oxadiazole, Metal oxide/complex materials | J35: Specialty aromatics/metal precursor → OLED functional layer material | K35: 0.073008989 | L35: Δ | M35: x
A36: 35 | B36: Electronic chemicals | C36: Display materials | D36: Electrode materials | F36: ITO/Ag/Al/Cu electrode material | G36: Indium, Tin, Silver, Aluminum, Copper | H36: - | I36: ITO target, Metal sputtering target | J36: High-purity metals → Sputtering target → Display electrode | K36: 0.013274271 | L36: Δ | M36: x
A37: 36 | B37: Electronic chemicals | C37: Display materials | D37: Color filter resists | F37: RGB color filter photoresist | G37: Benzene, Propylene, Pigments | H37: △ | I37: Acrylic resin, Pigment dispersion, Photoinitiator | J37: BTX/propylene → Acrylic resist resin + Pigments → Color filter resist | K37: 0.0085042473 | L37: Δ | M37: Acrylic Acid
A38: 37 | B38: Electronic chemicals | C38: Display materials | D38: Processing chemicals | E38: Photoresists | F38: Display photoresist | G38: Benzene, Propylene | H38: ○ | I38: Novolac/acrylic resin, PAG, Solvent | J38: BTX/propylene → Photoresist resin/formulation → Display PR | K38: 0.016440772 | L38: Δ | M38: Acrylic Acid
A39: 38 | B39: Electronic chemicals | C39: Display materials | D39: Processing chemicals | E39: Electronic gases | F39: Process gas for display panel manufacturing | G39: Air, Silicon, Fluorine, Chlorine | H39: - | I39: N₂/O₂/Ar, Silane, NF₃, HCl, NH₃ | J39: Air separation / Inorganic chemistry → Electronic-grade gases | K39: 0.013078613 | L39: Δ | M39: x
A40: 39 | B40: Electronic chemicals | C40: Display materials | D40: Processing chemicals | E40: Wet-processing chemicals | F40: Cleaning/etching chemicals for display process | G40: Sulfur, Chlorine, Fluorspar, Propylene | H40: △ | I40: H₂SO₄, HCl, HF, IPA, PGMEA | J40: Inorganic acid/base + Solvent chain → Wet-process chemical | K40: 0.034005274 | L40: Δ | M40: x
A41: 40 | B41: Electronic chemicals | C41: Printed circuit boards and packaging | D41: PCB chemicals | E41: PCB base materials | F41: Copper-clad laminate / build-up substrate base | G41: Benzene, Propylene, Glass fiber, Copper | H41: △ | I41: Epoxy resin, BT resin, Glass cloth, Copper foil | J41: BTX/propylene → Epoxy/BT resin + Glass/Cu → PCB laminate | K41: 0.050624523 | L41: Δ | M41: Propylene
A42: 41 | B42: Electronic chemicals | C42: Printed circuit boards and packaging | D42: PCB chemicals | E42: PCB resists | F42: Dry film resist / solder mask | G42: Propylene, Benzene | H42: ○ | I42: Acrylate oligomer, Epoxy acrylate, Photoinitiator | J42: Propylene/acrylate + BTX → Photoimageable resist | K42: 0.048774224 | L42: Δ | M42: Propylene
A43: 42 | B43: Electronic chemicals | C43: Printed circuit boards and packaging | D43: PCB chemicals | E43: Wet-processing chemicals | F43: Etchant, cleaner and desmear chemical | G43: Chlorine, Sulfur, Fluorspar, Solvent feed | H43: △ | I43: Cu etchant, H₂SO₄, HCl, HF, Solvent cleaner | J43: Inorganic acid/base + Solvent chain → PCB wet chemical | K43: 0.057513874 | L43: Δ | M43: x
A44: 43 | B44: Electronic chemicals | C44: Printed circuit boards and packaging | D44: PCB chemicals | E44: Plating chemicals | F44: Copper/electroless plating bath | G44: Copper, Sulfur, Formaldehyde, Organic additives | H44: - | I44: Copper sulfate, Chelant, Leveler, Suppressor | J44: Copper/inorganic acid + Organic additive → PCB plating chemical | K44: 0.051215203 | L44: Δ | M44: x
A45: 44 | B45: Electronic chemicals | C45: Printed circuit boards and packaging | D45: PCB chemicals | E45: Thick-film pastes | F45: Conductive/dielectric paste | G45: Silver, Copper, Nickel, Epoxy/Acrylic resin | H45: - | I45: Metal powder, Binder resin, Solvent | J45: Metal powder + Organic binder → Thin-film paste | K45: 0.044629321 | L45: Δ | M45: x
A46: 45 | B46: Electronic chemicals | C46: Printed circuit boards and packaging | D46: Semiconductor packaging materials | E46: Substrates and interposer materials | F46: IC substrate / ABF substrate / silicon interposer | G46: Benzene, Propylene, Silica, Copper | H46: △ | I46: ABF resin, BT resin, Cu foil, Silicon wafer | J46: Epoxy/BT resin + Cu/Si → IC substrate/interposer | K46: 0.069449862 | L46: Δ | M46: Epoxy resin
A47: 46 | B47: Electronic chemicals | C47: Printed circuit boards and packaging | D47: Semiconductor packaging materials | E47: Encapsulants | F47: Epoxy molding compound for semiconductor package | G47: Benzene, Propylene, Silica | H47: △ | I47: Epoxy resin, Phenolic hardener, Silica filler | J47: BTX/propylene → Epoxy resin + Silica filler → EMC | K47: 0.06872279 | L47: Δ | M47: Epoxy resin
A48: 47 | B48: Electronic chemicals | C48: Printed circuit boards and packaging | D48: Semiconductor packaging materials | E48: Adhesives | F48: Die attach adhesive / underfill | G48: Benzene, Propylene, Silicon | H48: △ | I48: Epoxy resin, Acrylic resin, Silicone resin | J48: Epoxy/acrylic/silicone chemistry → Semiconductor adhesive | K48: 0.060223865 | L48: Δ | M48: Epoxy resin
A49: 48 | B49: Electronic chemicals | C49: Printed circuit boards and packaging | D49: Semiconductor packaging materials | E49: Solder bump materials | F49: Solder ball / bumping material | G49: Tin, Silver, Copper | H49: - | I49: Sn-Ag-Cu alloy, Solder powder/ball | J49: High-purity metals → Solder alloy → Solder bump | K49: 0.072637598 | L49: Δ | M49: x
A50: 49 | B50: Electronic chemicals | C50: Printed circuit boards and packaging | D50: Semiconductor packaging materials | E50: Other materials | F50: Bonding wire, leadframe, TIM, release film | G50: Copper, Gold, Silver, Silicon, Benzene | H50: △ | I50: Bonding wire, Leadframe, Thermal interface material | J50: High-purity metal + Polymer formulation → Packaging auxiliary material | K50: 0.067158207 | L50: Δ | M50: x
A51: 50 | B51: Nutraceutical ingredients | C51: Nutraceutical ingredients | D51: Amino acids, peptidesand proteins | F51: Health supplement amino acid/protein ingredient | G51: Glucose, Ammonia, Natural protein | H51: - | I51: Amino acids, Peptides, Protein hydrolysate | J51: Biomass/sugar → Fermentation or hydrolysis → Amino acid/protein ingredient | K51: 0.040228777 | M51: x
A52: 51 | B52: Nutraceutical ingredients | C52: Nutraceutical ingredients | D52: Carotenoids | F52: Eye-health / antioxidant nutraceutical ingredient | G52: C5 isoprene, Natural extracts | H52: - | I52: Beta-carotene, Lutein, Astaxanthin | J52: Isoprene/natural extraction → Carotenoid active → Nutraceutical formulation | K52: 0.040228777 | M52: Isoprene
A53: 52 | B53: Nutraceutical ingredients | C53: Nutraceutical ingredients | D53: Mineralsand traceelements | F53: Mineral supplement ingredient | G53: Inorganic minerals | H53: - | I53: Calcium, Magnesium, Zinc, Iron salts | J53: Mineral refining → Food-grade mineral salt → Supplement ingredient | K53: 0.040228777 | M53: x
A54: 53 | B54: Nutraceutical ingredients | C54: Nutraceutical ingredients | D54: Polyphenols andflavonoids | F54: Antioxidant botanical extract | G54: Botanical feedstock | H54: - | I54: Tea catechin, Grape polyphenol, Isoflavone | J54: Plant extraction → Purification → Functional polyphenol ingredient | K54: 0.040228777 | M54: x
A55: 54 | B55: Nutraceutical ingredients | C55: Nutraceutical ingredients | D55: Probiotics | F55: Digestive/immune health probiotic culture | G55: Sugar, Fermentation medium | H55: - | I55: Lactobacillus, Bifidobacterium strain | J55: Sugar/biomass → Fermentation → Probiotic culture | K55: 0.040228777 | M55: x
A56: 55 | B56: Nutraceutical ingredients | C56: Nutraceutical ingredients | D56: Specialty carbohydratesand fibers | F56: Prebiotic fiber / dietary fiber ingredient | G56: Starch, Sugar, Cellulose | H56: - | I56: Inulin, Resistant dextrin, Polydextrose | J56: Biomass/starch → Hydrolysis/modification → Functional fiber | K56: 0.040228777 | M56: x
A57: 56 | B57: Nutraceutical ingredients | C57: Nutraceutical ingredients | D57: Specialtyfattyacids | F57: Omega-3 / functional lipid ingredient | G57: Fish oil, Algae oil, Oleochemical | H57: - | I57: EPA, DHA, CLA | J57: Natural oil/algae fermentation → Fatty acid concentration → Nutraceutical oil | K57: 0.040228777 | M57: x
A58: 57 | B58: Nutraceutical ingredients | C58: Nutraceutical ingredients | D58: Sterolsandstanols | F58: Cholesterol-lowering plant sterol ingredient | G58: Vegetable oil, Tall oil | H58: - | I58: Phytosterol, Stanol ester | J58: Oleochemical/tall oil → Sterol extraction → Esterified sterol ingredient | K58: 0.040228777 | M58: x
A59: 58 | B59: Nutraceutical ingredients | C59: Nutraceutical ingredients | D59: Vitamins | F59: Vitamin supplement active ingredient | G59: Glucose, Acetone, Isoprene, Fermentation feedstock | H59: △ | I59: Vitamin C, E, B-group intermediates | J59: Petrochemical/biomass route → Vitamin intermediate → Vitamin active | K59: 0.040228777 | M59: x
A60: 59 | B60: Nutraceutical ingredients | C60: Nutraceutical ingredients | D60: Other | F60: Specialty functional health ingredient | G60: Biomass, Petrochemical intermediates | H60: △ | I60: CoQ10, Glucosamine, Specialty actives | J60: Fermentation/extraction/synthesis → Functional nutraceutical active | K60: 0.040228777 | M60: x
A61: 60 | B61: Specialty polymers | C61: High-performance thermoplastics | D61: Semicrystalline | E61: High-performance polyamides | F61: Automotive under-the-hood engineering plastic | G61: Benzene, C4 | H61: ○ | I61: Diamine, Diacid, Lactam | J61: BTX/C4 → Nylon intermediates → Specialty polyamide | K61: 0.033061845 | L61: O | M61: Cyclohexanone
A62: 61 | B62: Specialty polymers | C62: High-performance thermoplastics | D62: Semicrystalline | E62: Polyphenylene sulfide | F62: High-temperature electrical/electronic component resin | G62: Benzene, Sulfur | H62: △ | I62: p-Dichlorobenzene, Sodium sulfide | J62: Benzene/chlor-alkali/sulfur → PPS monomer → PPS resin | K62: 0.033061845 | L62: O | M62: x
A63: 62 | B63: Specialty polymers | C63: High-performance thermoplastics | D63: Semicrystalline | E63: Liquid crystal polymers | F63: SMT connector & miniaturized electronic component resin | G63: PX, Benzene | H63: ○ | I63: Aromatic hydroxy acid, Aromatic polyester monomer | J63: Aromatics → Specialty aromatic monomer → LCP | K63: 0.033061845 | L63: O | M63: x
A64: 63 | B64: Specialty polymers | C64: High-performance thermoplastics | D64: Semicrystalline | E64: Aromatic ketone polymers | F64: Aerospace & semiconductor ultra-performance resin | G64: Benzene | H64: ○ | I64: Bisphenol, Aromatic ketone monomer | J64: BTX → Aromatic ketone intermediate → PEEK/PEKK | K64: 0.033061845 | L64: O | M64: x
A65: 64 | B65: Specialty polymers | C65: High-performance thermoplastics | D65: Semicrystalline | E65: Polycyclohexylenedimethylene terephthalate (PCT) | F65: LED reflector & high-heat electrical polyester | G65: PX, Ethylene | H65: ○ | I65: PTA, CHDM | J65: PX/ethylene → PTA + CHDM → PCT | K65: 0.033061845 | L65: O | M65: TPA
A66: 65 | B66: Specialty polymers | C66: High-performance thermoplastics | D66: Amorphous | E66: Polyarylate resin (PAR) | F66: Transparent heat-resistant engineering plastic | G66: Benzene, PX | H66: ○ | I66: BPA, Terephthaloyl chloride | J66: BTX → BPA/aromatic acid chloride → PAR | K66: 0.0356719 | L66: O | M66: BPA
A67: 66 | B67: Specialty polymers | C67: High-performance thermoplastics | D67: Amorphous | E67: Sulfone polymers | F67: Medical, membrane & aerospace engineering plastic | G67: Benzene, Propylene | H67: ○ | I67: BPA, Dichlorodiphenyl sulfone | J67: BTX/propylene → BPA + sulfone intermediate → Sulfone polymer | K67: 0.0356719 | L67: O | M67: BPA
A68: 67 | B68: Specialty polymers | C68: High-performance thermoplastics | D68: Amorphous | E68: Polyimide resins | F68: Semiconductor & FPCB heat-resistant material | G68: Benzene, PX | H68: ○ | I68: Dianhydride, Diamine | J68: Aromatics → PI monomer → Polyimide | K68: 0.0356719 | L68: O | M68: x
A69: 68 | B69: Specialty polymers | C69: Compounded engineering thermoplastics | D69: Polyamide (Nylon) | F69: Glass-fiber reinforced automotive engineering compound | G69: Benzene, C4 | H69: ○ | I69: Caprolactam, Nylon resin | J69: BTX/C4 → Nylon resin → Compound | K69: 0.031736002 | L69: O | M69: Caprolactam
A70: 69 | B70: Specialty polymers | C70: Compounded engineering thermoplastics | D70: Polybutylene terephthalate (PBT) | F70: Electrical connector & automotive sensor compound | G70: PX, C4 | H70: ○ | I70: PTA, BDO | J70: PX/C4 → PTA + BDO → PBT | K70: 0.031736002 | L70: O | M70: TPA
A71: 70 | B71: Specialty polymers | C71: Compounded engineering thermoplastics | D71: Polycarbonate | F71: Flame-retardant electronics housing material | G71: Benzene, Propylene | H71: ○ | I71: BPA, PC resin | J71: BTX/propylene → BPA → PC resin → Compound | K71: 0.031736002 | L71: O | M71: PC
A72: 71 | B72: Specialty polymers | C72: Compounded engineering thermoplastics | D72: PPE | F72: Dimensional-stability electrical component material | G72: Benzene, Propylene | H72: ○ | I72: Phenolic intermediate | J72: BTX/propylene → Phenolic intermediate → PPE | K72: 0.031736002 | L72: O | M72: Phenol
A73: 72 | B73: Specialty polymers | C73: Compounded engineering thermoplastics | D73: POM(Polyacetal) | F73: Precision gear & bearing engineering plastic | G73: Natural gas, Methanol | H73: ○ | I73: Formaldehyde | J73: Natural gas → Methanol → Formaldehyde → POM | K73: 0.031736002 | L73: O | M73: Formaldehyde
A74: 73 | B74: Specialty polymers | C74: Compounded engineering thermoplastics | D74: PPS | F74: High-temperature automotive/electrical compound | G74: Benzene, Sulfur | H74: △ | I74: PPS resin | J74: Benzene/sulfur chemistry → PPS → Compound | K74: 0.031736002 | L74: O | M74: Chlorobenzene
A75: 74 | B75: Specialty polymers | C75: Specialty films | D75: Engineering films | E75: Polyester | F75: Packaging & electrical insulation film | G75: PX, Ethylene | H75: ○ | I75: PTA, EG, PET resin | J75: PX/ethylene → PTA/EG → PET → Film | K75: 0.029377151 | L75: O | M75: PET
A76: 75 | B76: Specialty polymers | C76: Specialty films | D76: Engineering films | E76: Nylon | F76: Industrial packaging & barrier film | G76: Benzene, C4 | H76: ○ | I76: Caprolactam, Nylon resin | J76: Benzene → Cyclohexane → Caprolactam/Nylon Salt → Nylon Resin | K76: 0.029377151 | L76: O | M76: Caprolactam
A77: 76 | B77: Specialty polymers | C77: Specialty films | D77: Engineering films | E77: Polycarbonate | F77: Optical display & protection film | G77: Benzene, Propylene | H77: ○ | I77: BPA, PC resin | J77: BTX/propylene → BPA → PC → Optical film | K77: 0.029377151 | L77: O | M77: PC
A78: 77 | B78: Specialty polymers | C78: Specialty films | D78: High-performance films | E78: Fluoropolymer | F78: Chemical-resistant & battery separator film | G78: Fluorspar | H78: - | I78: Fluoromonomer | J78: Fluorspar → Fluorochemicals → Fluoromonomer → Fluoropolymer Resin | K78: 0.029377151 | L78: O | M78: x
A79: 78 | B79: Specialty polymers | C79: Specialty films | D79: High-performance films | E79: Polyimide | F79: FPCB & semiconductor process film | G79: Benzene, PX | H79: ○ | I79: Dianhydride, Diamine | J79: Aromatics → PI monomer → PI film | K79: 0.029377151 | L79: O | M79: x
A80: 79 | B80: Specialty polymers | C80: Specialty films | D80: Polyethylene naphthalate | F80: High-barrier electronic & insulation film | G80: PX, Ethylene | H80: ○ | I80: NDC/NDA, EG | J80: PX / Naphthalene → NDC/NDA → PEN Resin → Film | K80: 0.029377151 | L80: O | M80: x
A81: 80 | B81: Specialty polymers | C81: Specialty films | D81: Cyclo-olefin copolymer | F81: Optical lens & medical display film | G81: Ethylene, C5 | H81: ○ | I81: Norbornene, Cyclic olefin monomer | J81: Olefin/C5 → Cyclic olefin → COC/COP | K81: 0.029377151 | L81: O | M81: COP
A82: 81 | B82: Specialty polymers | C82: Specialty films | D82: Cyclo-olefin copolymer | E82: Developmental | F82: AR/VR optical & next-generation display film | G82: Ethylene, Specialty olefin | H82: △ | I82: Advanced cyclic olefin monomer | J82: Olefin → Specialty monomer → Advanced COC/COP film | K82: 0.029377151 | L82: O | M82: COP
A83: 82 | B83: Specialty coatings | C83: Coatings, radiation curable | D83: Oligomers | E83: Epoxy acrylates | F83: UV coating oligomer | G83: Benzene + Propylene | H83: ○ | I83: BPA epoxy resin, Acrylic acid | J83: BTX/propylene → BPA epoxy → Epoxy acrylate | K83: 0.036406497 | L83: O | M83: Epoxy resin, Acrylic Acid
A84: 83 | B84: Specialty coatings | C84: Coatings, radiation curable | D84: Oligomers | E84: Urethane acrylates | F84: UV urethane oligomer | G84: PO + Benzene | H84: ○ | I84: Poyol, Isocynate, Hydroxy acylate | J84: Olefin → PO/polyol + Benzene → Isocyanate → Urethane acrylate | K84: 0.036406497 | L84: O | M84: PU
A85: 84 | B85: Specialty coatings | C85: Coatings, radiation curable | D85: Oligomers | E85: Polyester/polyether acrylates | F85: UV polyester acrylate resin | G85: PX + Ethylene / PO | H85: ○ | I85: PTA, EG, Polyether polyol, Acrylic acid | J85: PX/ethylene/PO → Polyester/polyether polyol → Acrylate oligomer | K85: 0.036406497 | L85: O | M85: TPA, Polyol, Acrylic Acid
A86: 85 | B86: Specialty coatings | C86: Coatings, radiation curable | D86: Oligomers | E86: Acrylic acrylates | F86: Acrylic UV oligomer | G86: Propylene | H86: ○ | I86: Acrylic acid, Acrylate ester | J86: Propylene → Acrylic acid/acrylate → Acrylic oligomer | K86: 0.036406497 | L86: O | M86: Acrylic Acid, Acrylate Ester
A87: 86 | B87: Specialty coatings | C87: Coatings, radiation curable | D87: Oligomers | E87: Silicone acrylates | F87: Silicone-modified UV resin | G87: Silicon metal + Methanol | H87: △ | I87: Siloxane intermediate | J87: Silicon chemistry → Siloxane → Silicone acrylate | K87: 0.036406497 | L87: O | M87: x
A88: 87 | B88: Specialty coatings | C88: Coatings, radiation curable | D88: Oligomers | E88: Other (acrylated amines, acrylated oils, methacrylates) | F88: Specialty UV oligomer | G88: Olefin + Natural oil | H88: △ | I88: Amines, Methacrylates, Functional oils | J88: Olefin/oleochemical → Functional intermediate → UV oligomer | K88: 0.036406497 | L88: O | M88: MMA
A89: 88 | B89: Specialty coatings | C89: Coatings, radiation curable | D89: Oligomers | E89: Unsaturated polyesters | F89: UPR resin | G89: Benzene/C4 + Ethylene | H89: ○ | I89: Maleic anhydride, Glycol | J89: Benzene/C4 + glycol chain → UPR | K89: 0.036406497 | L89: O | M89: UPR
A90: 89 | B90: Specialty coatings | C90: Coatings, radiation curable | D90: Oligomers | E90: Epoxies and oxetanes | F90: Cationic UV resin | G90: Benzene + Propylene | H90: ○ | I90: Epoxy resin, Oxetane intermediate | J90: BTX/propylene → Epoxy/oxetane chemistry | K90: 0.036406497 | L90: O | M90: Epoxy resin
A91: 90 | B91: Specialty coatings | C91: Coatings, radiation curable | D91: Oligomers | E91: Vinyl ethers | F91: Reactive UV resin | G91: Ethylene/Acetylene | H91: ○ | I91: Vinyl ether monomer | J91: Olefin/acetylene chemistry → Vinyl ether | K91: 0.036406497 | L91: O | M91: x
A92: 91 | B92: Specialty coatings | C92: Coatings, radiation curable | D92: Monomers/reactive diluents | E92: Monofunctional monomers (IBOA, etc.) | F92: Reactive diluent | G92: C5/C10 olefin | H92: △ | I92: Isobornyl alcohol, Acrylic acid | J92: C5 terpene/olefin → Alcohol → Acrylate monomer | K92: 0.036406497 | L92: O | M92: DCPD, Acrylic Acid, Acrylate Ester
A93: 92 | B93: Specialty coatings | C93: Coatings, radiation curable | D93: Monomers/reactive diluents | E93: Difunctional monomers (TPGDA, HDDA, GPDA, DPGDA, etc.) | F93: Multifunctional acrylate monomer | G93: PO + Propylene | H93: ○ | I93: Glycol, Acrylic acid | J93: PO/glycol chain → Acrylate ester | K93: 0.036406497 | L93: O | M93: Acrylate ester
... A95: 94 | B95: Specialty coatings | C95: Coatings, radiation curable | D95: Monomers/reactive diluents | E95: Polyfunctional monomers (PPTTA, DPHA, etc.) | F95: High-crosslink UV monomer | G95: Olefin | H95: ○ | I95: Polyol intermediate, Acrylic acid | J95: Olefin → Polyol → Multifunctional acrylate | K95: 0.036406497 | L95: O | M95: Acrylic Acid
A96: 95 | B96: Specialty coatings | C96: Coatings, radiation curable | D96: Photoinitiators | F96: UV photoinitiator | G96: Benzene/Toluene | H96: ○ | I96: Benzophenone, Acetophenone derivative | J96: BTX → Aromatic ketone → Photoinitiator | K96: 0.036406497 | L96: O | M96: x
A97: 96 | B97: Specialty coatings | C97: Coatings, thermosetting powder | D97: Resins | E97: Epoxy resin | F97: Powder coating resin | G97: Benzene + Propylene | H97: ○ | I97: BPA, Epichlorohydrin | J97: BTX/propylene → BPA → Epoxy resin | K97: 0.032355537 | L97: O | M97: Epoxy resin
A98: 97 | B98: Specialty coatings | C98: Coatings, thermosetting powder | D98: Resins | E98: Polyester resin (carboxyl functional) | F98: Powder polyester resin | G98: PX + Ethylene | H98: ○ | I98: PTA, IPA, EG, NPG | J98: PX + glycol chain → Polyester resin | K98: 0.032355537 | L98: O | M98: TPA, PIA
A99: 98 | B99: Specialty coatings | C99: Coatings, thermosetting powder | D99: Resins | E99: Polyester resin (hydroxyl functional) | F99: Hydroxyl polyester resin | G99: PX + PO/Ethylene | H99: ○ | I99: Dibasic acid, Polyol | J99: Aromatics + polyol chain → Polyester resin | K99: 0.032355537 | L99: O | M99: TPA, Polyol
A100: 99 | B100: Specialty coatings | C100: Coatings, thermosetting powder | D100: Resins | E100: Acrylic resin | F100: Thermoset acrylic resin | G100: Propylene/C4 | H100: ○ | I100: MMA, Butyl acrylate | J100: Propylene/C4 → Acrylic monomer → Acrylic resin | K100: 0.032355537 | L100: O | M100: MMA, Acrylate Ester
A101: 100 | B101: Specialty coatings | C101: Coatings, thermosetting powder | D101: Curing agents | E101: TGIC | F101: Epoxy curing agent | G101: Propylene + Chlor-alkali | H101: △ | I101: Cyanuric chloride, Glycidol | J101: Epichlorohydrin chain → TGIC | K101: 0.032355537 | L101: O | M101: ECH
A102: 101 | B102: Specialty coatings | C102: Coatings, thermosetting powder | D102: Curing agents | E102: HAA | F102: Polyester curing agent | G102: Ethylene/Ammonia | H102: △ | I102: Hydroxyalkyl amide | J102: Olefin/ammonia → Amide chemistry | K102: 0.032355537 | L102: O | M102: x
A103: 102 | B103: Specialty coatings | C103: Coatings, thermosetting powder | D103: Curing agents | E103: IPDI | F103: PU curing agent | G103: Acetone/Propylene | H103: ○ | I103: Isophorone intermediate | J103: Propylene → Acetone → Isophorone → IPDI | K103: 0.032355537 | L103: O | M103: Acetone
A104: 103 | B104: Specialty coatings | C104: Coatings, thermosetting powder | D104: Curing agents | E104: Amines | F104: Epoxy hardener | G104: Ethylene | H104: ○ | I104: Ethyleneamines | J104: Ethylene → Ethyleneamine | K104: 0.032355537 | L104: O | M104: x
A105: 104 | B105: Specialty coatings | C105: Coatings, thermosetting powder | D105: Curing agents | E105: Dodecanoic amine | F105: Specialty curing agent | G105: C4/paraffin | H105: ○ | I105: Dodecanedioic intermediate | J105: C4/paraffin oxidation → Specialty amine | K105: 0.032355537 | L105: O | M105: x
A106: 105 | B106: Specialty coatings | C106: Coatings, thermosetting powder | D106: Curing agents | E106: Other | F106: Specialty hardener | G106: Olefin/BTX | H106: ○ | I106: Specialty intermediates | J106: Petrochemical intermediate → Hardener | K106: 0.032355537 | L106: O | M106: x
A107: 106 | B107: Specialty coatings | C107: Coatings, high-performance anticorrosion | D107: Protective/industrial maintenance coatings | E107: Onshore structural applications | F107: Heavy-duty protective coating | G107: Benzene + PO | H107: ○ | I107: Epoxy resin, PU resin | J107: BTX/PO → Epoxy/PU coating | K107: 0.020332518 | L107: O | M107: Epoxy resin, PU
A108: 107 | B108: Specialty coatings | C108: Coatings, high-performance anticorrosion | D108: Protective/industrial maintenance coatings | E108: Offshore applications | F108: Offshore anticorrosion coating | G108: Benzene + PO | H108: ○ | I108: Epoxy novolac, Fluoropolymer | J108: Aromatics/PU chain → Offshore coating | K108: 0.027477343 | L108: O | M108: Epoxy resin
... A133: 132 | B133: Green power materials | C133: Green power materials | D133: (Wind)Specialty coatings | E133: Other coatings | F133: Acrylic/fluoropolymer weathering coating | G133: Propylene, Fluorspar | H133: △ | I133: Acrylic resin, Fluoropolymer resin | J133: Propylene/acrylate or fluorochemical chain → Weatherable coating | K133: 0.033112396 | L133: Δ | M133: Acrylic Acid, Acrylate ester
A134: 133 | B134: Green power materials | C134: Green power materials | D134: (Wind)Specialty lubricants | F134: Gearbox/bearing lubricant for wind turbine | G134: Ethylene, Alpha-olefin, Fatty acid | H134: △ | I134: PAO, Ester, Additive package | J134: Olefin/ester chemistry → Synthetic lubricant → Wind turbine lubricant | K134: 0.060085645 | L134: Δ | M134: PAO
A135: 134 | B135: Green power materials | C135: Green power materials | D135: (Wind)Magnet materials | F135: NdFeB permanent magnet for direct-drive generator | G135: Rare earths, Iron, Boron | H135: - | I135: Neodymium-praseodymium alloy, NdFeB magnet | J135: Rare earth mining/refining → Magnet alloy → Wind generator magnet | K135: 0.035218839 | L135: Δ | M135: x
A136: 135 | B136: Green power materials | C136: Green power materials | D136: (Wind)Structural adhesives | F136: Epoxy/PU blade bonding adhesive | G136: Benzene, Propylene | H136: ○ | I136: Epoxy resin, PU prepolymer, Curing agent | J136: BTX/propylene → Epoxy/PU resin → Structural adhesive | K136: 0.033112396 | L136: Δ | M136: Epoxy Resin, PU
A137: 136 | B137: Green power materials | C137: Green power materials | D137: (Wind)Concrete admixtures | F137: Superplasticizer/admixture for wind turbine foundation | G137: Ethylene, Propylene, Naphthalene | H137: ○ | I137: PCE, SNF, Lignosulfonate | J137: EO/propylene/aromatics → Concrete admixture → Wind foundation | K137: 0.033112396 | L137: Δ | M137: x
A138: 132 | B138: Water management chemicals | C138: Water management chemicals | D138: Membranes | E138: Membranes | F138: RO/UF/NF water treatment membrane | G138: Benzene, Propylene, Fluoropolymer feed | H138: △ | I138: Polysulfone, PES, PVDF membrane polymer | J138: BTX/fluorochemical → Membrane polymer → Water treatment membrane | K138: 0.062 | M138: BPA
A139: 133 | B139: Water management chemicals | C139: Water management chemicals | D139: Membranes | E139: Ion exchange resins | F139: Demineralization / ultrapure water ion exchange resin | G139: Benzene, Ethylene | H139: ○ | I139: Styrene, DVB, Functional resin bead | J139: Benzene/ethylene → Styrene/DVB → Ion exchange resin | K139: 0.022298764 | M139: Styrene
A140: 134 | B140: Water management chemicals | C140: Water management chemicals | D140: Membranes | E140: Organic polymers | F140: Coagulant/flocculant for water clarification | G140: Propylene, Acrylonitrile | H140: ○ | I140: Acrylamide, Polyacrylamide(PAM), Polyamine | J140: Propylene → Acrylonitrile/Acrylamide → Water treatment polymer | K140: 0.02968106 | M140: AN
A141: 135 | B141: Water management chemicals | C141: Water management chemicals | D141: Formulated products | E141: Corrosion inhibitors | F141: Cooling/boiler water corrosion inhibitor | G141: Phosphorus, Nitrogen, Benzene | H141: △ | I141: Phosphonate, Azole, Amine inhibitor | J141: Inorganic/Petrochemical intermediates → Corrosion inhibitor formulation | K141: 0.023622335 | M141: x
A142: 136 | B142: Water management chemicals | C142: Water management chemicals | D142: Formulated products | E142: Scale inhibitors | F142: Scale control chemical for cooling/desalination | G142: Propylene, Phosphorus | H142: △ | I142: Polyacrylate, Phosphonate | J142: Acrylic/phosphonate chemistry → Scale inhibitor | K142: 0.021529934 | M142: Acrylic Acid
...

Sheet group_master
A1: group_id | B1: group_name | C1: material | D1: material_id | E1: starting_material | F1: root_material | G1: group_score | H1: is_default_visible | I1: display_order | J1: end_use_att | K1: exsting_value | L1: market_growth_stage | M1: supply_demand | O1: 공급부족 | P1: 신규증설계획없음 | Q1: 중국이슈없음 | R1: 수입의존도 높음
A2: G10 | B2: 1-Butene Chain | C2: PB-1 | D2: =_xlfn.XLOOKUP(표_16[[#This Row],[material]],표2[material_name],표2[material_id]) -> M048 | E2: 1-Butene | F2: 1-Butene | G2: 65 | H2: FALSE | I2: 5 | J2: =_xlfn.XLOOKUP(표_16[[#This Row],[material_id]],표19[material_id],표19[end_use_att]) -> 0.66786833 | R2: x
A3: G10 | B3: 1-Butene Chain | C3: 1-Butene | D3: =_xlfn.XLOOKUP(표_16[[#This Row],[material]],표2[material_name],표2[material_id]) -> M052 | E3: 1-Butene | F3: 1-Butene | G3: 65 | H3: FALSE | I3: 5 | J3: =_xlfn.XLOOKUP(표_16[[#This Row],[material_id]],표19[material_id],표19[end_use_att]) -> 3.6234649 | R3: x
A4: G14 | B4: AA-SAP Chain | C4: Acrylic acid | D4: =_xlfn.XLOOKUP(표_16[[#This Row],[material]],표2[material_name],표2[material_id]) -> M031 | E4: Acrylic acid | F4: Propylene | G4: 80 | H4: TRUE | I4: 4 | J4: =_xlfn.XLOOKUP(표_16[[#This Row],[material_id]],표19[material_id],표19[end_use_att]) -> 5.9111931 | R4: x
A5: G14 | B5: AA-SAP Chain | C5: SAP | D5: =_xlfn.XLOOKUP(표_16[[#This Row],[material]],표2[material_name],표2[material_id]) -> M034 | E5: Acrylic acid | F5: Propylene | G5: 80 | H5: TRUE | I5: 4 | J5: =_xlfn.XLOOKUP(표_16[[#This Row],[material_id]],표19[material_id],표19[end_use_att]) -> 2.695147 | R5: x
A6: G15 | B6: Acrylic Ester Chain | C6: Acrylic acid | D6: =_xlfn.XLOOKUP(표_16[[#This Row],[material]],표2[material_name],표2[material_id]) -> M031 | E6: Acrylic acid | F6: Propylene | G6: 75 | H6: TRUE | I6: 5 | J6: =_xlfn.XLOOKUP(표_16[[#This Row],[material_id]],표19[material_id],표19[end_use_att]) -> 5.9111931 | R6: x
A7: G15 | B7: Acrylic Ester Chain | C7: Acrylate Ester | D7: =_xlfn.XLOOKUP(표_16[[#This Row],[material]],표2[material_name],표2[material_id]) -> M033 | E7: Acrylic acid | F7: Propylene | G7: 75 | H7: TRUE | I7: 5 | J7: =_xlfn.XLOOKUP(표_16[[#This Row],[material_id]],표19[material_id],표19[end_use_att]) -> 3.6234649 | R7: x
A8: G12 | B8: AN Chain | C8: AN | D8: =_xlfn.XLOOKUP(표_16[[#This Row],[material]],표2[material_name],표2[material_id]) -> M021 | E8: AN | F8: Propylene | G8: 70 | H8: FALSE | I8: 8 | J8: =_xlfn.XLOOKUP(표_16[[#This Row],[material_id]],표19[material_id],표19[end_use_att]) -> 6.3698362 | R8: ?
A9: G12 | B9: AN Chain | C9: ABS | D9: =_xlfn.XLOOKUP(표_16[[#This Row],[material]],표2[material_name],표2[material_id]) -> M022 | E9: AN | F9: Propylene | G9: 70 | H9: FALSE | I9: 8 | J9: =_xlfn.XLOOKUP(표_16[[#This Row],[material_id]],표19[material_id],표19[end_use_att]) -> 10.999394 | R9: x
A10: G12 | B10: AN Chain | C10: SAN | D10: =_xlfn.XLOOKUP(표_16[[#This Row],[material]],표2[material_name],표2[material_id]) -> M023 | E10: AN | F10: Propylene | G10: 70 | H10: FALSE | I10: 8 | J10: =_xlfn.XLOOKUP(표_16[[#This Row],[material_id]],표19[material_id],표19[end_use_att]) -> 6.789875 | R10: x
A11: G12 | B11: AN Chain | C11: NBR | D11: =_xlfn.XLOOKUP(표_16[[#This Row],[material]],표2[material_name],표2[material_id]) -> M024 | E11: AN | F11: Propylene | G11: 70 | H11: FALSE | I11: 8 | J11: =_xlfn.XLOOKUP(표_16[[#This Row],[material_id]],표19[material_id],표19[end_use_att]) -> 8.9126778 | R11: d
A12: G31 | B12: Aniline-MDI Chain | C12: Aniline | D12: =_xlfn.XLOOKUP(표_16[[#This Row],[material]],표2[material_name],표2[material_id]) -> M065 | E12: Aniline | F12: Benzene | G12: 75 | H12: TRUE | I12: 6 | J12: =_xlfn.XLOOKUP(표_16[[#This Row],[material_id]],표19[material_id],표19[end_use_att]) -> 6.4707182 | R12: d
A13: G31 | B13: Aniline-MDI Chain | C13: MDI | D13: =_xlfn.XLOOKUP(표_16[[#This Row],[material]],표2[material_name],표2[material_id]) -> M085 | E13: Aniline | F13: Benzene | G13: 75 | H13: TRUE | I13: 6 | J13: =_xlfn.XLOOKUP(표_16[[#This Row],[material_id]],표19[material_id],표19[end_use_att]) -> 2.9555966 | R13: d
... A61: G34 | B61: OX-PA Chain | C61: PA | D61: =_xlfn.XLOOKUP(표_16[[#This Row],[material]],표2[material_name],표2[material_id]) -> M073 | E61: o-Xylene | F61: Xylene | G61: 65 | H61: FALSE | I61: 9 | J61: =_xlfn.XLOOKUP(표_16[[#This Row],[material_id]],표19[material_id],표19[end_use_att]) -> 4.5754565 | R61: x
A62: G34 | B62: OX-PA Chain | C62: o-Xylene | D62: =_xlfn.XLOOKUP(표_16[[#This Row],[material]],표2[material_name],표2[material_id]) -> M087 | E62: o-Xylene | F62: Xylene | G62: 65 | H62: FALSE | I62: 9 | J62: =_xlfn.XLOOKUP(표_16[[#This Row],[material_id]],표19[material_id],표19[end_use_att]) -> 4.6747502
A63: G19 | B63: PC Chain | C63: BPA | D63: =_xlfn.XLOOKUP(표_16[[#This Row],[material]],표2[material_name],표2[material_id]) -> M061 | E63: BPA | F63: Benzene | G63: 85 | H63: TRUE | I63: 4 | J63: =_xlfn.XLOOKUP(표_16[[#This Row],[material_id]],표19[material_id],표19[end_use_att]) -> 4.5754565 | R63: x
A64: G19 | B64: PC Chain | C64: PC | D64: =_xlfn.XLOOKUP(표_16[[#This Row],[material]],표2[material_name],표2[material_id]) -> M062 | E64: BPA | F64: Benzene | G64: 85 | H64: TRUE | I64: 4 | J64: =_xlfn.XLOOKUP(표_16[[#This Row],[material_id]],표19[material_id],표19[end_use_att]) -> 9.8397655 | R64: x
A65: G01 | B65: PE Chain | C65: HDPE | D65: =_xlfn.XLOOKUP(표_16[[#This Row],[material]],표2[material_name],표2[material_id]) -> M002 | E65: Ethylene | F65: Ethylene | G65: 95 | H65: TRUE | I65: 1 | J65: =_xlfn.XLOOKUP(표_16[[#This Row],[material_id]],표19[material_id],표19[end_use_att]) -> 2.7116658 | R65: x
A66: G01 | B66: PE Chain | C66: LDPE | D66: =_xlfn.XLOOKUP(표_16[[#This Row],[material]],표2[material_name],표2[material_id]) -> M003 | E66: Ethylene | F66: Ethylene | G66: 95 | H66: TRUE | I66: 1 | J66: =_xlfn.XLOOKUP(표_16[[#This Row],[material_id]],표19[material_id],표19[end_use_att]) -> 3.4511708 | R66: d
A67: G01 | B67: PE Chain | C67: LLDPE | D67: =_xlfn.XLOOKUP(표_16[[#This Row],[material]],표2[material_name],표2[material_id]) -> M004 | E67: Ethylene | F67: Ethylene | G67: 95 | H67: TRUE | I67: 1 | J67: =_xlfn.XLOOKUP(표_16[[#This Row],[material_id]],표19[material_id],표19[end_use_att]) -> 2.0845706 | R67: d
A68: G35 | B68: Phenol/Acetone Chain | C68: Cumene | D68: =_xlfn.XLOOKUP(표_16[[#This Row],[material]],표2[material_name],표2[material_id]) -> M058 | E68: Cumene | F68: Benzene | G68: 90 | H68: TRUE | I68: 2 | J68: =_xlfn.XLOOKUP(표_16[[#This Row],[material_id]],표19[material_id],표19[end_use_att]) -> 4.5754565 | R68: d
A69: G35 | B69: Phenol/Acetone Chain | C69: Phenol | D69: =_xlfn.XLOOKUP(표_16[[#This Row],[material]],표2[material_name],표2[material_id]) -> M059 | E69: Cumene | F69: Benzene | G69: 90 | H69: TRUE | I69: 2 | J69: =_xlfn.XLOOKUP(표_16[[#This Row],[material_id]],표19[material_id],표19[end_use_att]) -> 5.9513856 | R69: x
A70: G35 | B70: Phenol/Acetone Chain | C70: Acetone | D70: =_xlfn.XLOOKUP(표_16[[#This Row],[material]],표2[material_name],표2[material_id]) -> M060 | E70: Cumene | F70: Benzene | G70: 90 | H70: TRUE | I70: 2 | J70: =_xlfn.XLOOKUP(표_16[[#This Row],[material_id]],표19[material_id],표19[end_use_att]) -> 4.5754565 | R70: x
A71: G13 | B71: PO/PG Chain | C71: PO | D71: =_xlfn.XLOOKUP(표_16[[#This Row],[material]],표2[material_name],표2[material_id]) -> M026 | E71: Propylene | F71: Propylene | G71: 90 | H71: TRUE | I71: 2 | J71: =_xlfn.XLOOKUP(표_16[[#This Row],[material_id]],표19[material_id],표19[end_use_att]) -> 7.5754565 | R71: x
A72: G13 | B72: PO/PG Chain | C72: PG | D72: =_xlfn.XLOOKUP(표_16[[#This Row],[material]],표2[material_name],표2[material_id]) -> M027 | E72: Propylene | F72: Propylene | G72: 90 | H72: TRUE | I72: 2 | J72: =_xlfn.XLOOKUP(표_16[[#This Row],[material_id]],표19[material_id],표19[end_use_att]) -> 4.2157132 | R72: x
A73: G13 | B73: PO/PG Chain | C73: PPG | D73: =_xlfn.XLOOKUP(표_16[[#This Row],[material]],표2[material_name],표2[material_id]) -> M028 | E73: Propylene | F73: Propylene | G73: 90 | H73: TRUE | I73: 2 | J73: =_xlfn.XLOOKUP(표_16[[#This Row],[material_id]],표19[material_id],표19[end_use_att]) -> 4.999394 | R73: d
A74: G11 | B74: PP Chain | C74: PP | D74: =_xlfn.XLOOKUP(표_16[[#This Row],[material]],표2[material_name],표2[material_id]) -> M025 | E74: Propylene | F74: Propylene | G74: 95 | H74: TRUE | I74: 1 | J74: =_xlfn.XLOOKUP(표_16[[#This Row],[material_id]],표19[material_id],표19[end_use_att]) -> 7.7005696 | R74: x
... A82: G02 | B82: PVC Chain | C82: EDC | D82: =_xlfn.XLOOKUP(표_16[[#This Row],[material]],표2[material_name],표2[material_id]) -> M005 | E82: EDC | F82: Ethylene | G82: 85 | H82: TRUE | I82: 3 | J82: =_xlfn.XLOOKUP(표_16[[#This Row],[material_id]],표19[material_id],표19[end_use_att]) -> 4.5754565 | R82: x
A83: G02 | B83: PVC Chain | C83: VCM | D83: =_xlfn.XLOOKUP(표_16[[#This Row],[material]],표2[material_name],표2[material_id]) -> M006 | E83: EDC | F83: Ethylene | G83: 85 | H83: TRUE | I83: 3 | J83: =_xlfn.XLOOKUP(표_16[[#This Row],[material_id]],표19[material_id],표19[end_use_att]) -> 4.5754565
A84: G02 | B84: PVC Chain | C84: PVC | D84: =_xlfn.XLOOKUP(표_16[[#This Row],[material]],표2[material_name],표2[material_id]) -> M007 | E84: EDC | F84: Ethylene | G84: 85 | H84: TRUE | I84: 3 | J84: =_xlfn.XLOOKUP(표_16[[#This Row],[material_id]],표19[material_id],표19[end_use_att]) -> 3.2033413 | R84: x
A85: G04 | B85: PX-PET Chain | C85: p-Xylene | D85: =_xlfn.XLOOKUP(표_16[[#This Row],[material]],표2[material_name],표2[material_id]) -> M089 | E85: p-Xylene | F85: Xylene | G85: 95 | H85: TRUE | I85: 1 | J85: =_xlfn.XLOOKUP(표_16[[#This Row],[material_id]],표19[material_id],표19[end_use_att]) -> 4.5754565 | R85: x
A86: G04 | B86: PX-PET Chain | C86: TPA | D86: =_xlfn.XLOOKUP(표_16[[#This Row],[material]],표2[material_name],표2[material_id]) -> M091 | E86: p-Xylene | F86: Xylene | G86: 95 | H86: TRUE | I86: 1 | J86: =_xlfn.XLOOKUP(표_16[[#This Row],[material_id]],표19[material_id],표19[end_use_att]) -> 3.0983127 | R86: x
A87: G04 | B87: PX-PET Chain | C87: DMT | D87: =_xlfn.XLOOKUP(표_16[[#This Row],[material]],표2[material_name],표2[material_id]) -> M092 | E87: p-Xylene | F87: Xylene | G87: 95 | H87: TRUE | I87: 1 | J87: =_xlfn.XLOOKUP(표_16[[#This Row],[material_id]],표19[material_id],표19[end_use_att]) -> 2.3357367 | R87: x
A88: G04 | B88: PX-PET Chain | C88: PET | D88: =_xlfn.XLOOKUP(표_16[[#This Row],[material]],표2[material_name],표2[material_id]) -> M093 | E88: p-Xylene | F88: Xylene | G88: 95 | H88: TRUE | I88: 1 | J88: =_xlfn.XLOOKUP(표_16[[#This Row],[material_id]],표19[material_id],표19[end_use_att]) -> 1.3357367 | R88: x
A89: G27 | B89: UPR Platform | C89: PG | D89: =_xlfn.XLOOKUP(표_16[[#This Row],[material]],표2[material_name],표2[material_id]) -> M027 | E89: PG; MA; PA | F89: Propylene; Xylene | G89: 75 | H89: TRUE | I89: 3 | J89: =_xlfn.XLOOKUP(표_16[[#This Row],[material_id]],표19[material_id],표19[end_use_att]) -> 4.2157132 | R89: x
A90: G27 | B90: UPR Platform | C90: MA | D90: =_xlfn.XLOOKUP(표_16[[#This Row],[material]],표2[material_name],표2[material_id]) -> M068 | E90: PG; MA; PA | F90: Propylene; Xylene | G90: 75 | H90: TRUE | I90: 3 | J90: =_xlfn.XLOOKUP(표_16[[#This Row],[material_id]],표19[material_id],표19[end_use_att]) -> 3.0548903
A91: G27 | B91: UPR Platform | C91: PA | D91: =_xlfn.XLOOKUP(표_16[[#This Row],[material]],표2[material_name],표2[material_id]) -> M073 | E91: PG; MA; PA | F91: Propylene; Xylene | G91: 75 | H91: TRUE | I91: 3 | J91: =_xlfn.XLOOKUP(표_16[[#This Row],[material_id]],표19[material_id],표19[end_use_att]) -> 4.5754565
A92: G27 | B92: UPR Platform | C92: UPR | D92: =_xlfn.XLOOKUP(표_16[[#This Row],[material]],표2[material_name],표2[material_id]) -> M109 | E92: PG; MA; PA | F92: Propylene; Xylene | G92: 75 | H92: TRUE | I92: 3 | J92: =_xlfn.XLOOKUP(표_16[[#This Row],[material_id]],표19[material_id],표19[end_use_att]) -> 4.5754565
A93: G08 | B93: VAM Chain | C93: VAM | D93: =_xlfn.XLOOKUP(표_16[[#This Row],[material]],표2[material_name],표2[material_id]) -> M019 | E93: VAM | F93: Ethylene | G93: 75 | H93: TRUE | I93: 4 | J93: =_xlfn.XLOOKUP(표_16[[#This Row],[material_id]],표19[material_id],표19[end_use_att]) -> 5.2433248 | R93: x
A94: G08 | B94: VAM Chain | C94: PVOH | D94: =_xlfn.XLOOKUP(표_16[[#This Row],[material]],표2[material_name],표2[material_id]) -> M083 | E94: VAM | F94: Ethylene | G94: 75 | H94: TRUE | I94: 4 | J94: =_xlfn.XLOOKUP(표_16[[#This Row],[material_id]],표19[material_id],표19[end_use_att]) -> 7.9951831
A95: G08 | B95: VAM Chain | C95: EVA | D95: =_xlfn.XLOOKUP(표_16[[#This Row],[material]],표2[material_name],표2[material_id]) -> M084 | E95: VAM | F95: Ethylene | G95: 75 | H95: TRUE | I95: 4 | J95: =_xlfn.XLOOKUP(표_16[[#This Row],[material_id]],표19[material_id],표19[end_use_att]) -> 4.1361605

Sheet material_master
A1: material_id | B1: material_group | C1: material_name | D1: material_type | E1: material_subtype | F1: vertical_order | G1: hsk10 | H1: remarks | I1: visual_exclude | J1: ccma_snp | K1: ceh_ceh | L1: has_supplier | M1: is_ulsan
A2: M001 | B2: Ethylene | C2: Ethylene | D2: Base chemical | E2: Olefin | F2: 2100 | G2: 2901210000 | H2: C2= | J2: =IF(COUNTIF(CCMA[material_name],C2)>0,"O","X") -> O | K2: =IF(COUNTIF(CEH[material_name],C2)>0,"O","X") -> O | L2: =IF(COUNTIF(표8[material_id],표2[[#This Row],[material_id]])>0, "O", "X") -> O | M2: =IF(COUNTIFS(표8[material_id],표2[[#This Row],[material_id]],표8[location],"울산")>0, "O", "X") -> O
A3: M002 | B3: Ethylene | C3: HDPE | D3: Polymer | E3: Polyolefin | F3: 2110 | G3: 3910120000 | J3: =IF(COUNTIF(CCMA[material_name],C3)>0,"O","X") -> X | K3: =IF(COUNTIF(CEH[material_name],C3)>0,"O","X") -> O | L3: =IF(COUNTIF(표8[material_id],표2[[#This Row],[material_id]])>0, "O", "X") -> O | M3: =IF(COUNTIFS(표8[material_id],표2[[#This Row],[material_id]],표8[location],"울산")>0, "O", "X") -> O
A4: M003 | B4: Ethylene | C4: LDPE | D4: Polymer | E4: Polyolefin | F4: 2120 | G4: 3901109000 | J4: =IF(COUNTIF(CCMA[material_name],C4)>0,"O","X") -> X | K4: =IF(COUNTIF(CEH[material_name],C4)>0,"O","X") -> O | L4: =IF(COUNTIF(표8[material_id],표2[[#This Row],[material_id]])>0, "O", "X") -> O | M4: =IF(COUNTIFS(표8[material_id],표2[[#This Row],[material_id]],표8[location],"울산")>0, "O", "X") -> O
A5: M004 | B5: Ethylene | C5: LLDPE | D5: Polymer | E5: Polyolefin | F5: 2130 | G5: 3901101000 | J5: =IF(COUNTIF(CCMA[material_name],C5)>0,"O","X") -> X | K5: =IF(COUNTIF(CEH[material_name],C5)>0,"O","X") -> O | L5: =IF(COUNTIF(표8[material_id],표2[[#This Row],[material_id]])>0, "O", "X") -> O | M5: =IF(COUNTIFS(표8[material_id],표2[[#This Row],[material_id]],표8[location],"울산")>0, "O", "X") -> O
A6: M005 | B6: Ethylene | C6: EDC | D6: Intermediate | E6: Chlorinated Intermediate | F6: 2200 | G6: 2903150000 | H6: Ethylene dichloride | J6: =IF(COUNTIF(CCMA[material_name],C6)>0,"O","X") -> O | K6: =IF(COUNTIF(CEH[material_name],C6)>0,"O","X") -> O | L6: =IF(COUNTIF(표8[material_id],표2[[#This Row],[material_id]])>0, "O", "X") -> O | M6: =IF(COUNTIFS(표8[material_id],표2[[#This Row],[material_id]],표8[location],"울산")>0, "O", "X") -> O
A7: M006 | B7: Ethylene | C7: VCM | D7: Monomer | E7: Vinyl Monomer | F7: 2210 | G7: 2903210000 | H7: Vinyl chloride monomer | J7: =IF(COUNTIF(CCMA[material_name],C7)>0,"O","X") -> O | K7: =IF(COUNTIF(CEH[material_name],C7)>0,"O","X") -> O | L7: =IF(COUNTIF(표8[material_id],표2[[#This Row],[material_id]])>0, "O", "X") -> O | M7: =IF(COUNTIFS(표8[material_id],표2[[#This Row],[material_id]],표8[location],"울산")>0, "O", "X") -> O
A8: M007 | B8: Ethylene | C8: PVC | D8: Polymer | E8: Vinyl Polymer | F8: 2220 | G8: 3904100000 | H8: Poly vinyl chloride | J8: =IF(COUNTIF(CCMA[material_name],C8)>0,"O","X") -> O | K8: =IF(COUNTIF(CEH[material_name],C8)>0,"O","X") -> O | L8: =IF(COUNTIF(표8[material_id],표2[[#This Row],[material_id]])>0, "O", "X") -> O | M8: =IF(COUNTIFS(표8[material_id],표2[[#This Row],[material_id]],표8[location],"울산")>0, "O", "X") -> O
A9: M008 | B9: Ethylene | C9: Ethanol | D9: Intermediate | E9: Alcohol | F9: 2400 | G9: 2207200000 | J9: =IF(COUNTIF(CCMA[material_name],C9)>0,"O","X") -> X | K9: =IF(COUNTIF(CEH[material_name],C9)>0,"O","X") -> O | L9: =IF(COUNTIF(표8[material_id],표2[[#This Row],[material_id]])>0, "O", "X") -> O | M9: =IF(COUNTIFS(표8[material_id],표2[[#This Row],[material_id]],표8[location],"울산")>0, "O", "X") -> O
A10: M009 | B10: Ethylene | C10: Ethylamine | D10: Intermediate | E10: Amine | F10: 2500 | H10: C2 derivative로 보기어려움 | I10: Y | J10: =IF(COUNTIF(CCMA[material_name],C10)>0,"O","X") -> X | K10: =IF(COUNTIF(CEH[material_name],C10)>0,"O","X") -> O | L10: =IF(COUNTIF(표8[material_id],표2[[#This Row],[material_id]])>0, "O", "X") -> X | M10: =IF(COUNTIFS(표8[material_id],표2[[#This Row],[material_id]],표8[location],"울산")>0, "O", "X") -> X
A11: M010 | B11: Ethylene | C11: Ethyl acetate | D11: Intermediate | E11: Acetate Ester | F11: 2420 | G11: 2915310000 | J11: =IF(COUNTIF(CCMA[material_name],C11)>0,"O","X") -> X | K11: =IF(COUNTIF(CEH[material_name],C11)>0,"O","X") -> O | L11: =IF(COUNTIF(표8[material_id],표2[[#This Row],[material_id]])>0, "O", "X") -> O | M11: =IF(COUNTIFS(표8[material_id],표2[[#This Row],[material_id]],표8[location],"울산")>0, "O", "X") -> O
A12: M011 | B12: Propylene | C12: Ethyl acrylate | D12: Intermediate | E12: Acrylate Ester | F12: 2510 | G12: 2916121000 | H12: AA derivative이며 Acrylate ester 중 하나 | I12: Y | J12: =IF(COUNTIF(CCMA[material_name],C12)>0,"O","X") -> X | K12: =IF(COUNTIF(CEH[material_name],C12)>0,"O","X") -> X | L12: =IF(COUNTIF(표8[material_id],표2[[#This Row],[material_id]])>0, "O", "X") -> X | M12: =IF(COUNTIFS(표8[material_id],표2[[#This Row],[material_id]],표8[location],"울산")>0, "O", "X") -> X
A13: M012 | B13: Ethylene | C13: EO | D13: Intermediate | E13: Epoxide | F13: 2300 | G13: 2910100000 | H13: Ethylene oxide | J13: =IF(COUNTIF(CCMA[material_name],C13)>0,"O","X") -> O | K13: =IF(COUNTIF(CEH[material_name],C13)>0,"O","X") -> O | L13: =IF(COUNTIF(표8[material_id],표2[[#This Row],[material_id]])>0, "O", "X") -> O | M13: =IF(COUNTIFS(표8[material_id],표2[[#This Row],[material_id]],표8[location],"울산")>0, "O", "X") -> O
A14: M013 | B14: Ethylene | C14: Ethanolamines | D14: Functional Material | E14: Amine Derivatives | F14: 2310 | I14: Y | J14: =IF(COUNTIF(CCMA[material_name],C14)>0,"O","X") -> X | K14: =IF(COUNTIF(CEH[material_name],C14)>0,"O","X") -> O | L14: =IF(COUNTIF(표8[material_id],표2[[#This Row],[material_id]])>0, "O", "X") -> X | M14: =IF(COUNTIFS(표8[material_id],표2[[#This Row],[material_id]],표8[location],"울산")>0, "O", "X") -> X
A15: M014 | B15: Ethylene | C15: MEA | D15: Intermediate | E15: Ethanolamine | F15: 2320 | G15: 2922111000 | H15: Monoethanolamine | J15: =IF(COUNTIF(CCMA[material_name],C15)>0,"O","X") -> X | K15: =IF(COUNTIF(CEH[material_name],C15)>0,"O","X") -> O | L15: =IF(COUNTIF(표8[material_id],표2[[#This Row],[material_id]])>0, "O", "X") -> X | M15: =IF(COUNTIFS(표8[material_id],표2[[#This Row],[material_id]],표8[location],"울산")>0, "O", "X") -> X
A16: M015 | B16: Ethylene | C16: DEA | D16: Intermediate | E16: Ethanolamine | F16: 2330 | G16: 2922121000 | H16: Diethanolamine | J16: =IF(COUNTIF(CCMA[material_name],C16)>0,"O","X") -> X | K16: =IF(COUNTIF(CEH[material_name],C16)>0,"O","X") -> O | L16: =IF(COUNTIF(표8[material_id],표2[[#This Row],[material_id]])>0, "O", "X") -> X | M16: =IF(COUNTIFS(표8[material_id],표2[[#This Row],[material_id]],표8[location],"울산")>0, "O", "X") -> X
A17: M016 | B17: Ethylene | C17: TEA | D17: Intermediate | E17: Ethanolamine | F17: 2340 | G17: 2922150000 | H17: Triethanolamine | J17: =IF(COUNTIF(CCMA[material_name],C17)>0,"O","X") -> X | K17: =IF(COUNTIF(CEH[material_name],C17)>0,"O","X") -> O | L17: =IF(COUNTIF(표8[material_id],표2[[#This Row],[material_id]])>0, "O", "X") -> X | M17: =IF(COUNTIFS(표8[material_id],표2[[#This Row],[material_id]],표8[location],"울산")>0, "O", "X") -> X
A18: M017 | B18: Ethylene | C18: MEG | D18: Intermediate | E18: Glycol | F18: 2380 | G18: 2905310000 | H18: Monoethyleneglycol | J18: =IF(COUNTIF(CCMA[material_name],C18)>0,"O","X") -> O | K18: =IF(COUNTIF(CEH[material_name],C18)>0,"O","X") -> O | L18: =IF(COUNTIF(표8[material_id],표2[[#This Row],[material_id]])>0, "O", "X") -> O | M18: =IF(COUNTIFS(표8[material_id],표2[[#This Row],[material_id]],표8[location],"울산")>0, "O", "X") -> O
A19: M018 | B19: Ethylene | C19: Acetaldehyde | D19: Intermediate | E19: Aldehyde | F19: 2410 | G19: 2912120000 | I19: Y | J19: =IF(COUNTIF(CCMA[material_name],C19)>0,"O","X") -> X | K19: =IF(COUNTIF(CEH[material_name],C19)>0,"O","X") -> O | L19: =IF(COUNTIF(표8[material_id],표2[[#This Row],[material_id]])>0, "O", "X") -> X | M19: =IF(COUNTIFS(표8[material_id],표2[[#This Row],[material_id]],표8[location],"울산")>0, "O", "X") -> X
A20: M019 | B20: Ethylene | C20: VAM | D20: Monomer | E20: Acetate Monomer | F20: 2600 | G20: 2915320000 | H20: Vinyl acetate monomer | J20: =IF(COUNTIF(CCMA[material_name],C20)>0,"O","X") -> O | K20: =IF(COUNTIF(CEH[material_name],C20)>0,"O","X") -> O | L20: =IF(COUNTIF(표8[material_id],표2[[#This Row],[material_id]])>0, "O", "X") -> O | M20: =IF(COUNTIFS(표8[material_id],표2[[#This Row],[material_id]],표8[location],"울산")>0, "O", "X") -> O
A21: M020 | B21: Propylene | C21: Propylene | D21: Base chemical | E21: Olefin | F21: 3100 | G21: 2901220000 | H21: C3= | J21: =IF(COUNTIF(CCMA[material_name],C21)>0,"O","X") -> O | K21: =IF(COUNTIF(CEH[material_name],C21)>0,"O","X") -> O | L21: =IF(COUNTIF(표8[material_id],표2[[#This Row],[material_id]])>0, "O", "X") -> O | M21: =IF(COUNTIFS(표8[material_id],표2[[#This Row],[material_id]],표8[location],"울산")>0, "O", "X") -> O
A22: M021 | B22: Propylene | C22: AN | D22: Monomer | E22: Nitrile Monomer | F22: 3200 | G22: 2926100000 | H22: Acrylonitrile | J22: =IF(COUNTIF(CCMA[material_name],C22)>0,"O","X") -> O | K22: =IF(COUNTIF(CEH[material_name],C22)>0,"O","X") -> O | L22: =IF(COUNTIF(표8[material_id],표2[[#This Row],[material_id]])>0, "O", "X") -> O | M22: =IF(COUNTIFS(표8[material_id],표2[[#This Row],[material_id]],표8[location],"울산")>0, "O", "X") -> O
A23: M022 | B23: Propylene | C23: ABS | D23: Polymer | E23: Styrenic Resin | F23: 3210 | G23: 3903300000 | H23: Acrylonitrile Butadiene Stryrene | J23: =IF(COUNTIF(CCMA[material_name],C23)>0,"O","X") -> O | K23: =IF(COUNTIF(CEH[material_name],C23)>0,"O","X") -> O | L23: =IF(COUNTIF(표8[material_id],표2[[#This Row],[material_id]])>0, "O", "X") -> O | M23: =IF(COUNTIFS(표8[material_id],표2[[#This Row],[material_id]],표8[location],"울산")>0, "O", "X") -> O
A24: M023 | B24: Propylene | C24: SAN | D24: Polymer | E24: Styrenic Resin | F24: 3220 | G24: 3903200000 | H24: Styrene Acrylonitrile | I24: Y | J24: =IF(COUNTIF(CCMA[material_name],C24)>0,"O","X") -> X | K24: =IF(COUNTIF(CEH[material_name],C24)>0,"O","X") -> O | L24: =IF(COUNTIF(표8[material_id],표2[[#This Row],[material_id]])>0, "O", "X") -> O | M24: =IF(COUNTIFS(표8[material_id],표2[[#This Row],[material_id]],표8[location],"울산")>0, "O", "X") -> O
A25: M024 | B25: Propylene | C25: NBR | D25: Polymer | E25: Synthetic Rubber | F25: 3230 | G25: 4002590000 | H25: Nitrile Butadiene Rubber | J25: =IF(COUNTIF(CCMA[material_name],C25)>0,"O","X") -> X | K25: =IF(COUNTIF(CEH[material_name],C25)>0,"O","X") -> O | L25: =IF(COUNTIF(표8[material_id],표2[[#This Row],[material_id]])>0, "O", "X") -> O | M25: =IF(COUNTIFS(표8[material_id],표2[[#This Row],[material_id]],표8[location],"울산")>0, "O", "X") -> O
A26: M025 | B26: Propylene | C26: PP | D26: Polymer | E26: Polyolefin | F26: 3110 | G26: 3902100000 | H26: Polypropylene | J26: =IF(COUNTIF(CCMA[material_name],C26)>0,"O","X") -> O | K26: =IF(COUNTIF(CEH[material_name],C26)>0,"O","X") -> O | L26: =IF(COUNTIF(표8[material_id],표2[[#This Row],[material_id]])>0, "O", "X") -> O | M26: =IF(COUNTIFS(표8[material_id],표2[[#This Row],[material_id]],표8[location],"울산")>0, "O", "X") -> O
A27: M026 | B27: Propylene | C27: PO | D27: Intermediate | E27: Epoxide | F27: 3300 | G27: 2910200000 | H27: Propylene oxide | J27: =IF(COUNTIF(CCMA[material_name],C27)>0,"O","X") -> O | K27: =IF(COUNTIF(CEH[material_name],C27)>0,"O","X") -> O | L27: =IF(COUNTIF(표8[material_id],표2[[#This Row],[material_id]])>0, "O", "X") -> O | M27: =IF(COUNTIFS(표8[material_id],표2[[#This Row],[material_id]],표8[location],"울산")>0, "O", "X") -> O
A28: M027 | B28: Propylene | C28: PG | D28: Intermediate | E28: Glycol | F28: 3310 | G28: 2905320000 | H28: Propylene glycol | J28: =IF(COUNTIF(CCMA[material_name],C28)>0,"O","X") -> X | K28: =IF(COUNTIF(CEH[material_name],C28)>0,"O","X") -> O | L28: =IF(COUNTIF(표8[material_id],표2[[#This Row],[material_id]])>0, "O", "X") -> O | M28: =IF(COUNTIFS(표8[material_id],표2[[#This Row],[material_id]],표8[location],"울산")>0, "O", "X") -> O
A29: M028 | B29: Propylene | C29: PPG | D29: Functional Material | E29: Polyether Polyol | F29: 3320 | G29: 3907202000 | H29: Polypropylene glycol | J29: =IF(COUNTIF(CCMA[material_name],C29)>0,"O","X") -> X | K29: =IF(COUNTIF(CEH[material_name],C29)>0,"O","X") -> O | L29: =IF(COUNTIF(표8[material_id],표2[[#This Row],[material_id]])>0, "O", "X") -> O | M29: =IF(COUNTIFS(표8[material_id],표2[[#This Row],[material_id]],표8[location],"울산")>0, "O", "X") -> O
A30: M029 | B30: Propylene | C30: Polyols | D30: Functional Material | E30: Polyol | F30: 3330 | H30: Polyether Polyols | J30: =IF(COUNTIF(CCMA[material_name],C30)>0,"O","X") -> X | K30: =IF(COUNTIF(CEH[material_name],C30)>0,"O","X") -> O | L30: =IF(COUNTIF(표8[material_id],표2[[#This Row],[material_id]])>0, "O", "X") -> X | M30: =IF(COUNTIFS(표8[material_id],표2[[#This Row],[material_id]],표8[location],"울산")>0, "O", "X") -> X
A31: M030 | B31: Propylene | C31: PU | D31: Functional Material | E31: Polyurethane System | F31: 3340 | G31: 3909500000 | H31: Polyurethane(Rigid) | J31: =IF(COUNTIF(CCMA[material_name],C31)>0,"O","X") -> X | K31: =IF(COUNTIF(CEH[material_name],C31)>0,"O","X") -> O | L31: =IF(COUNTIF(표8[material_id],표2[[#This Row],[material_id]])>0, "O", "X") -> X | M31: =IF(COUNTIFS(표8[material_id],표2[[#This Row],[material_id]],표8[location],"울산")>0, "O", "X") -> X
A32: M031 | B32: Propylene | C32: Acrylic acid | D32: Intermediate | E32: Organic Acid | F32: 3400 | G32: 2916111000 | H32: AA | J32: =IF(COUNTIF(CCMA[material_name],C32)>0,"O","X") -> X | K32: =IF(COUNTIF(CEH[material_name],C32)>0,"O","X") -> O | L32: =IF(COUNTIF(표8[material_id],표2[[#This Row],[material_id]])>0, "O", "X") -> O | M32: =IF(COUNTIFS(표8[material_id],표2[[#This Row],[material_id]],표8[location],"울산")>0, "O", "X") -> X
A33: M032 | B33: Propylene | C33: Polyacrylate | D33: Polymer | E33: Acrylic Polymer | F33: 3420 | H33: Acrylate, SAP과 영역 겹침 | I33: Y | J33: =IF(COUNTIF(CCMA[material_name],C33)>0,"O","X") -> X | K33: =IF(COUNTIF(CEH[material_name],C33)>0,"O","X") -> X | L33: =IF(COUNTIF(표8[material_id],표2[[#This Row],[material_id]])>0, "O", "X") -> X | M33: =IF(COUNTIFS(표8[material_id],표2[[#This Row],[material_id]],표8[location],"울산")>0, "O", "X") -> X
A34: M033 | B34: Propylene | C34: Acrylate ester | D34: Intermediate | E34: Acrylate Derivative | F34: 3410 | J34: =IF(COUNTIF(CCMA[material_name],C34)>0,"O","X") -> X | K34: =IF(COUNTIF(CEH[material_name],C34)>0,"O","X") -> O | L34: =IF(COUNTIF(표8[material_id],표2[[#This Row],[material_id]])>0, "O", "X") -> O | M34: =IF(COUNTIFS(표8[material_id],표2[[#This Row],[material_id]],표8[location],"울산")>0, "O", "X") -> X
A35: M034 | B35: Propylene | C35: SAP | D35: Polymer | E35: Superabsorbent Polymer | F35: 3430 | H35: Super Absorbent Polymer | J35: =IF(COUNTIF(CCMA[material_name],C35)>0,"O","X") -> X | K35: =IF(COUNTIF(CEH[material_name],C35)>0,"O","X") -> O | L35: =IF(COUNTIF(표8[material_id],표2[[#This Row],[material_id]])>0, "O", "X") -> O | M35: =IF(COUNTIFS(표8[material_id],표2[[#This Row],[material_id]],표8[location],"울산")>0, "O", "X") -> X
A36: M035 | B36: Propylene | C36: n-Butyraldehyde | D36: Intermediate | E36: Aldehyde | F36: 3500 | G36: 2912193000 | H36: Oxo chemical | J36: =IF(COUNTIF(CCMA[material_name],C36)>0,"O","X") -> X | K36: =IF(COUNTIF(CEH[material_name],C36)>0,"O","X") -> O | L36: =IF(COUNTIF(표8[material_id],표2[[#This Row],[material_id]])>0, "O", "X") -> O | M36: =IF(COUNTIFS(표8[material_id],표2[[#This Row],[material_id]],표8[location],"울산")>0, "O", "X") -> X
A37: M036 | B37: Propylene | C37: 2-Ethylhexanol | D37: Intermediate | E37: Oxo Alcohol | F37: 3520 | G37: 2905161000 | H37: 2-EH(Octanol) | J37: =IF(COUNTIF(CCMA[material_name],C37)>0,"O","X") -> X | K37: =IF(COUNTIF(CEH[material_name],C37)>0,"O","X") -> O | L37: =IF(COUNTIF(표8[material_id],표2[[#This Row],[material_id]])>0, "O", "X") -> O | M37: =IF(COUNTIFS(표8[material_id],표2[[#This Row],[material_id]],표8[location],"울산")>0, "O", "X") -> X
A38: M037 | B38: Propylene | C38: n-Butanol | D38: Intermediate | E38: Oxo Alcohol | F38: 3510 | G38: 2905130000 | J38: =IF(COUNTIF(CCMA[material_name],C38)>0,"O","X") -> X | K38: =IF(COUNTIF(CEH[material_name],C38)>0,"O","X") -> O | L38: =IF(COUNTIF(표8[material_id],표2[[#This Row],[material_id]])>0, "O", "X") -> O | M38: =IF(COUNTIFS(표8[material_id],표2[[#This Row],[material_id]],표8[location],"울산")>0, "O", "X") -> X
A39: M038 | B39: Propylene | C39: n-Butyl acetate | D39: Intermediate | E39: Acetate Ester | F39: 3530 | J39: =IF(COUNTIF(CCMA[material_name],C39)>0,"O","X") -> X | K39: =IF(COUNTIF(CEH[material_name],C39)>0,"O","X") -> O | L39: =IF(COUNTIF(표8[material_id],표2[[#This Row],[material_id]])>0, "O", "X") -> X | M39: =IF(COUNTIFS(표8[material_id],표2[[#This Row],[material_id]],표8[location],"울산")>0, "O", "X") -> X
A40: M039 | B40: Propylene | C40: Isobutanol | D40: Intermediate | E40: Oxo Alcohol | F40: 3610 | J40: =IF(COUNTIF(CCMA[material_name],C40)>0,"O","X") -> X | K40: =IF(COUNTIF(CEH[material_name],C40)>0,"O","X") -> O | L40: =IF(COUNTIF(표8[material_id],표2[[#This Row],[material_id]])>0, "O", "X") -> X | M40: =IF(COUNTIFS(표8[material_id],표2[[#This Row],[material_id]],표8[location],"울산")>0, "O", "X") -> X
A41: M040 | B41: Propylene | C41: Isobutyl acetate | D41: Intermediate | E41: Acetate Ester | F41: 3620 | J41: =IF(COUNTIF(CCMA[material_name],C41)>0,"O","X") -> X | K41: =IF(COUNTIF(CEH[material_name],C41)>0,"O","X") -> O | L41: =IF(COUNTIF(표8[material_id],표2[[#This Row],[material_id]])>0, "O", "X") -> X | M41: =IF(COUNTIFS(표8[material_id],표2[[#This Row],[material_id]],표8[location],"울산")>0, "O", "X") -> X
A42: M041 | B42: Propylene | C42: IPA | D42: Intermediate | E42: Alcohol | F42: 3700 | H42: Isopropanol (propan-2-ol) | J42: =IF(COUNTIF(CCMA[material_name],C42)>0,"O","X") -> X | K42: =IF(COUNTIF(CEH[material_name],C42)>0,"O","X") -> O | L42: =IF(COUNTIF(표8[material_id],표2[[#This Row],[material_id]])>0, "O", "X") -> O | M42: =IF(COUNTIFS(표8[material_id],표2[[#This Row],[material_id]],표8[location],"울산")>0, "O", "X") -> O
A43: M042 | B43: Propylene | C43: Isopropyl acetate | D43: Intermediate | E43: Acetate Ester | F43: 3710 | J43: =IF(COUNTIF(CCMA[material_name],C43)>0,"O","X") -> X | K43: =IF(COUNTIF(CEH[material_name],C43)>0,"O","X") -> X | L43: =IF(COUNTIF(표8[material_id],표2[[#This Row],[material_id]])>0, "O", "X") -> X | M43: =IF(COUNTIFS(표8[material_id],표2[[#This Row],[material_id]],표8[location],"울산")>0, "O", "X") -> X
A44: M043 | B44: C4 | C44: Butadiene | D44: Base chemical | E44: Diolefin | F44: 4100 | G44: 2901241000 | H44: BD | J44: =IF(COUNTIF(CCMA[material_name],C44)>0,"O","X") -> O | K44: =IF(COUNTIF(CEH[material_name],C44)>0,"O","X") -> O | L44: =IF(COUNTIF(표8[material_id],표2[[#This Row],[material_id]])>0, "O", "X") -> O | M44: =IF(COUNTIFS(표8[material_id],표2[[#This Row],[material_id]],표8[location],"울산")>0, "O", "X") -> O
A45: M044 | B45: C4 | C45: BR | D45: Polymer | E45: Synthetic Rubber | F45: 4110 | H45: Polybutadiene Rubber | J45: =IF(COUNTIF(CCMA[material_name],C45)>0,"O","X") -> O | K45: =IF(COUNTIF(CEH[material_name],C45)>0,"O","X") -> O | L45: =IF(COUNTIF(표8[material_id],표2[[#This Row],[material_id]])>0, "O", "X") -> O | M45: =IF(COUNTIFS(표8[material_id],표2[[#This Row],[material_id]],표8[location],"울산")>0, "O", "X") -> X
A46: M045 | B46: C4 | C46: SBR | D46: Polymer | E46: Synthetic Rubber | F46: 4120 | G46: 3903901000 | J46: =IF(COUNTIF(CCMA[material_name],C46)>0,"O","X") -> O | K46: =IF(COUNTIF(CEH[material_name],C46)>0,"O","X") -> O | L46: =IF(COUNTIF(표8[material_id],표2[[#This Row],[material_id]])>0, "O", "X") -> O | M46: =IF(COUNTIFS(표8[material_id],표2[[#This Row],[material_id]],표8[location],"울산")>0, "O", "X") -> O
A47: M046 | B47: C4 | C47: Isobutylene | D47: Base chemical | E47: Olefin | F47: 4200 | J47: =IF(COUNTIF(CCMA[material_name],C47)>0,"O","X") -> X | K47: =IF(COUNTIF(CEH[material_name],C47)>0,"O","X") -> O | L47: =IF(COUNTIF(표8[material_id],표2[[#This Row],[material_id]])>0, "O", "X") -> X | M47: =IF(COUNTIFS(표8[material_id],표2[[#This Row],[material_id]],표8[location],"울산")>0, "O", "X") -> X
A48: M047 | B48: C4 | C48: PIB | D48: Polymer | E48: Polyolefin Derivative | F48: 4210 | G48: 3902200000 | H48: Polyisobutylene | J48: =IF(COUNTIF(CCMA[material_name],C48)>0,"O","X") -> X | K48: =IF(COUNTIF(CEH[material_name],C48)>0,"O","X") -> O | L48: =IF(COUNTIF(표8[material_id],표2[[#This Row],[material_id]])>0, "O", "X") -> O | M48: =IF(COUNTIFS(표8[material_id],표2[[#This Row],[material_id]],표8[location],"울산")>0, "O", "X") -> X
A49: M048 | B49: C4 | C49: PB-1 | D49: Polymer | E49: Polyolefin | F49: 4330 | H49: Polybutene-1 | J49: =IF(COUNTIF(CCMA[material_name],C49)>0,"O","X") -> X | K49: =IF(COUNTIF(CEH[material_name],C49)>0,"O","X") -> O | L49: =IF(COUNTIF(표8[material_id],표2[[#This Row],[material_id]])>0, "O", "X") -> O | M49: =IF(COUNTIFS(표8[material_id],표2[[#This Row],[material_id]],표8[location],"울산")>0, "O", "X") -> X
A50: M049 | B50: C4 | C50: MTBE | D50: Functional Material | E50: Fuel Additive | F50: 4230 | G50: 2909192000 | J50: =IF(COUNTIF(CCMA[material_name],C50)>0,"O","X") -> X | K50: =IF(COUNTIF(CEH[material_name],C50)>0,"O","X") -> O | L50: =IF(COUNTIF(표8[material_id],표2[[#This Row],[material_id]])>0, "O", "X") -> O | M50: =IF(COUNTIFS(표8[material_id],표2[[#This Row],[material_id]],표8[location],"울산")>0, "O", "X") -> O
A51: M050 | B51: C4 | C51: Butyl rubber | D51: Polymer | E51: Synthetic Rubber | F51: 4220 | G51: 4002319000 | H51: IIR(Isobutylene Isoprene Rubber) | I51: Y | J51: =IF(COUNTIF(CCMA[material_name],C51)>0,"O","X") -> X | K51: =IF(COUNTIF(CEH[material_name],C51)>0,"O","X") -> O | L51: =IF(COUNTIF(표8[material_id],표2[[#This Row],[material_id]])>0, "O", "X") -> X | M51: =IF(COUNTIFS(표8[material_id],표2[[#This Row],[material_id]],표8[location],"울산")>0, "O", "X") -> X
A52: M051 | B52: C4 | C52: n-Butenes | D52: Intermediate | E52: C4 Olefin | F52: 4300 | H52: 1-Butene 영역과 겹침 | I52: Y | J52: =IF(COUNTIF(CCMA[material_name],C52)>0,"O","X") -> X | K52: =IF(COUNTIF(CEH[material_name],C52)>0,"O","X") -> O | L52: =IF(COUNTIF(표8[material_id],표2[[#This Row],[material_id]])>0, "O", "X") -> X | M52: =IF(COUNTIFS(표8[material_id],표2[[#This Row],[material_id]],표8[location],"울산")>0, "O", "X") -> X
A53: M052 | B53: C4 | C53: 1-Butene | D53: Base chemical | E53: Alpha Olefin | F53: 4310 | J53: =IF(COUNTIF(CCMA[material_name],C53)>0,"O","X") -> X | K53: =IF(COUNTIF(CEH[material_name],C53)>0,"O","X") -> O | L53: =IF(COUNTIF(표8[material_id],표2[[#This Row],[material_id]])>0, "O", "X") -> X | M53: =IF(COUNTIFS(표8[material_id],표2[[#This Row],[material_id]],표8[location],"울산")>0, "O", "X") -> X
A54: M053 | B54: C4 | C54: 2-Butene | D54: Intermediate | E54: C4 Olefin | F54: 4320 | H54: 1-Butene 영역과 겹침 | I54: Y | J54: =IF(COUNTIF(CCMA[material_name],C54)>0,"O","X") -> X | K54: =IF(COUNTIF(CEH[material_name],C54)>0,"O","X") -> O | L54: =IF(COUNTIF(표8[material_id],표2[[#This Row],[material_id]])>0, "O", "X") -> X | M54: =IF(COUNTIFS(표8[material_id],표2[[#This Row],[material_id]],표8[location],"울산")>0, "O", "X") -> X
A55: M054 | B55: Benzene | C55: Benzene | D55: Base chemical | E55: Aromatic | F55: 6000 | G55: 2902200000 | J55: =IF(COUNTIF(CCMA[material_name],C55)>0,"O","X") -> O | K55: =IF(COUNTIF(CEH[material_name],C55)>0,"O","X") -> O | L55: =IF(COUNTIF(표8[material_id],표2[[#This Row],[material_id]])>0, "O", "X") -> O | M55: =IF(COUNTIFS(표8[material_id],표2[[#This Row],[material_id]],표8[location],"울산")>0, "O", "X") -> O
A56: M055 | B56: Benzene | C56: Ethylbenzene | D56: Intermediate | E56: Alkyl Aromatic | F56: 6100 | G56: 2902600000 | H56: EB | J56: =IF(COUNTIF(CCMA[material_name],C56)>0,"O","X") -> O | K56: =IF(COUNTIF(CEH[material_name],C56)>0,"O","X") -> O | L56: =IF(COUNTIF(표8[material_id],표2[[#This Row],[material_id]])>0, "O", "X") -> O | M56: =IF(COUNTIFS(표8[material_id],표2[[#This Row],[material_id]],표8[location],"울산")>0, "O", "X") -> O
A57: M056 | B57: Benzene | C57: Styrene | D57: Monomer | E57: Styrenic Monomer | F57: 6110 | G57: 2902500000 | J57: =IF(COUNTIF(CCMA[material_name],C57)>0,"O","X") -> O | K57: =IF(COUNTIF(CEH[material_name],C57)>0,"O","X") -> O | L57: =IF(COUNTIF(표8[material_id],표2[[#This Row],[material_id]])>0, "O", "X") -> O | M57: =IF(COUNTIFS(표8[material_id],표2[[#This Row],[material_id]],표8[location],"울산")>0, "O", "X") -> O
A58: M057 | B58: Benzene | C58: PS | D58: Polymer | E58: Styrenic Resin | F58: 6120 | H58: Polystyrene | J58: =IF(COUNTIF(CCMA[material_name],C58)>0,"O","X") -> O | K58: =IF(COUNTIF(CEH[material_name],C58)>0,"O","X") -> O | L58: =IF(COUNTIF(표8[material_id],표2[[#This Row],[material_id]])>0, "O", "X") -> O | M58: =IF(COUNTIFS(표8[material_id],표2[[#This Row],[material_id]],표8[location],"울산")>0, "O", "X") -> O
A59: M058 | B59: Benzene | C59: Cumene | D59: Intermediate | E59: Alkyl Aromatic | F59: 6200 | G59: 2902700000 | J59: =IF(COUNTIF(CCMA[material_name],C59)>0,"O","X") -> O | K59: =IF(COUNTIF(CEH[material_name],C59)>0,"O","X") -> O | L59: =IF(COUNTIF(표8[material_id],표2[[#This Row],[material_id]])>0, "O", "X") -> O | M59: =IF(COUNTIFS(표8[material_id],표2[[#This Row],[material_id]],표8[location],"울산")>0, "O", "X") -> X
A60: M059 | B60: Benzene | C60: Phenol | D60: Intermediate | E60: Phenolic Intermediate | F60: 6210 | G60: 2907111000 | J60: =IF(COUNTIF(CCMA[material_name],C60)>0,"O","X") -> O | K60: =IF(COUNTIF(CEH[material_name],C60)>0,"O","X") -> O | L60: =IF(COUNTIF(표8[material_id],표2[[#This Row],[material_id]])>0, "O", "X") -> O | M60: =IF(COUNTIFS(표8[material_id],표2[[#This Row],[material_id]],표8[location],"울산")>0, "O", "X") -> X
A61: M060 | B61: Benzene | C61: Acetone | D61: Intermediate | E61: Ketone | F61: 6220 | G61: 2914110000 | J61: =IF(COUNTIF(CCMA[material_name],C61)>0,"O","X") -> X | K61: =IF(COUNTIF(CEH[material_name],C61)>0,"O","X") -> O | L61: =IF(COUNTIF(표8[material_id],표2[[#This Row],[material_id]])>0, "O", "X") -> O | M61: =IF(COUNTIFS(표8[material_id],표2[[#This Row],[material_id]],표8[location],"울산")>0, "O", "X") -> X
A62: M061 | B62: Benzene | C62: BPA | D62: Intermediate | E62: Phenolic Intermediate | F62: 6230 | G62: 2907231000 | H62: Bisphenol A | J62: =IF(COUNTIF(CCMA[material_name],C62)>0,"O","X") -> O | K62: =IF(COUNTIF(CEH[material_name],C62)>0,"O","X") -> O | L62: =IF(COUNTIF(표8[material_id],표2[[#This Row],[material_id]])>0, "O", "X") -> O | M62: =IF(COUNTIFS(표8[material_id],표2[[#This Row],[material_id]],표8[location],"울산")>0, "O", "X") -> X
A63: M062 | B63: Benzene | C63: PC | D63: Polymer | E63: Engineering Plastic | F63: 6240 | G63: 3907400000 | H63: Polycarbonate | J63: =IF(COUNTIF(CCMA[material_name],C63)>0,"O","X") -> O | K63: =IF(COUNTIF(CEH[material_name],C63)>0,"O","X") -> O | L63: =IF(COUNTIF(표8[material_id],표2[[#This Row],[material_id]])>0, "O", "X") -> O | M63: =IF(COUNTIFS(표8[material_id],표2[[#This Row],[material_id]],표8[location],"울산")>0, "O", "X") -> X
A64: M063 | B64: Benzene | C64: Epoxy resin | D64: Functional Material | E64: Thermoset Resin | F64: 6250 | J64: =IF(COUNTIF(CCMA[material_name],C64)>0,"O","X") -> X | K64: =IF(COUNTIF(CEH[material_name],C64)>0,"O","X") -> O | L64: =IF(COUNTIF(표8[material_id],표2[[#This Row],[material_id]])>0, "O", "X") -> O | M64: =IF(COUNTIFS(표8[material_id],표2[[#This Row],[material_id]],표8[location],"울산")>0, "O", "X") -> X
A65: M064 | B65: Benzene | C65: Cyclohexane | D65: Intermediate | E65: Cycloaliphatic Intermediate | F65: 6300 | G65: 2902110000 | J65: =IF(COUNTIF(CCMA[material_name],C65)>0,"O","X") -> X | K65: =IF(COUNTIF(CEH[material_name],C65)>0,"O","X") -> O | L65: =IF(COUNTIF(표8[material_id],표2[[#This Row],[material_id]])>0, "O", "X") -> O | M65: =IF(COUNTIFS(표8[material_id],표2[[#This Row],[material_id]],표8[location],"울산")>0, "O", "X") -> O
A66: M065 | B66: Benzene | C66: Aniline | D66: Intermediate | E66: Aromatic Amine | F66: 6320 | G66: 2921411000 | J66: =IF(COUNTIF(CCMA[material_name],C66)>0,"O","X") -> X | K66: =IF(COUNTIF(CEH[material_name],C66)>0,"O","X") -> O | L66: =IF(COUNTIF(표8[material_id],표2[[#This Row],[material_id]])>0, "O", "X") -> O | M66: =IF(COUNTIFS(표8[material_id],표2[[#This Row],[material_id]],표8[location],"울산")>0, "O", "X") -> X
A67: M066 | B67: Benzene | C67: LAB | D67: Intermediate | E67: Alkyl Aromatic | F67: 6400 | H67: Linear Alkylbenzene | J67: =IF(COUNTIF(CCMA[material_name],C67)>0,"O","X") -> X | K67: =IF(COUNTIF(CEH[material_name],C67)>0,"O","X") -> O | L67: =IF(COUNTIF(표8[material_id],표2[[#This Row],[material_id]])>0, "O", "X") -> O | M67: =IF(COUNTIFS(표8[material_id],표2[[#This Row],[material_id]],표8[location],"울산")>0, "O", "X") -> O
A68: M067 | B68: Benzene | C68: Cyclohexanone | D68: Intermediate | E68: Ketone | F68: 6310 | G68: 2914221000 | J68: =IF(COUNTIF(CCMA[material_name],C68)>0,"O","X") -> X | K68: =IF(COUNTIF(CEH[material_name],C68)>0,"O","X") -> O | L68: =IF(COUNTIF(표8[material_id],표2[[#This Row],[material_id]])>0, "O", "X") -> X | M68: =IF(COUNTIFS(표8[material_id],표2[[#This Row],[material_id]],표8[location],"울산")>0, "O", "X") -> X
A69: M068 | B69: C4 | C69: MA | D69: Intermediate | E69: Anhydride | F69: 4400 | G69: 2917140000 | H69: Maleic anhydride | J69: =IF(COUNTIF(CCMA[material_name],C69)>0,"O","X") -> X | K69: =IF(COUNTIF(CEH[material_name],C69)>0,"O","X") -> O | L69: =IF(COUNTIF(표8[material_id],표2[[#This Row],[material_id]])>0, "O", "X") -> O | M69: =IF(COUNTIFS(표8[material_id],표2[[#This Row],[material_id]],표8[location],"울산")>0, "O", "X") -> O
A70: M069 | B70: Methanol | C70: Methanol | D70: Base chemical | E70: Alcohol | F70: 100 | G70: 2905110000 | J70: =IF(COUNTIF(CCMA[material_name],C70)>0,"O","X") -> O | K70: =IF(COUNTIF(CEH[material_name],C70)>0,"O","X") -> O | L70: =IF(COUNTIF(표8[material_id],표2[[#This Row],[material_id]])>0, "O", "X") -> X | M70: =IF(COUNTIFS(표8[material_id],표2[[#This Row],[material_id]],표8[location],"울산")>0, "O", "X") -> X
A71: M070 | B71: Methanol | C71: Acetic acid | D71: Intermediate | E71: Organic Acid | F71: 200 | G71: 2915210000 | J71: =IF(COUNTIF(CCMA[material_name],C71)>0,"O","X") -> O | K71: =IF(COUNTIF(CEH[material_name],C71)>0,"O","X") -> O | L71: =IF(COUNTIF(표8[material_id],표2[[#This Row],[material_id]])>0, "O", "X") -> O | M71: =IF(COUNTIFS(표8[material_id],표2[[#This Row],[material_id]],표8[location],"울산")>0, "O", "X") -> O
A72: M071 | B72: Toluene | C72: Toluene | D72: Base chemical | E72: Aromatic | F72: 7000 | G72: 2902300000 | J72: =IF(COUNTIF(CCMA[material_name],C72)>0,"O","X") -> O | K72: =IF(COUNTIF(CEH[material_name],C72)>0,"O","X") -> O | L72: =IF(COUNTIF(표8[material_id],표2[[#This Row],[material_id]])>0, "O", "X") -> O | M72: =IF(COUNTIFS(표8[material_id],표2[[#This Row],[material_id]],표8[location],"울산")>0, "O", "X") -> O
A73: M072 | B73: Xylene | C73: Xylene | D73: Base chemical | E73: Aromatic | F73: 8000 | G73: 2902440000 | J73: =IF(COUNTIF(CCMA[material_name],C73)>0,"O","X") -> O | K73: =IF(COUNTIF(CEH[material_name],C73)>0,"O","X") -> O | L73: =IF(COUNTIF(표8[material_id],표2[[#This Row],[material_id]])>0, "O", "X") -> O | M73: =IF(COUNTIFS(표8[material_id],표2[[#This Row],[material_id]],표8[location],"울산")>0, "O", "X") -> O
A74: M073 | B74: Xylene | C74: PA | D74: Intermediate | E74: Anhydride | F74: 8110 | G74: 2917350000 | H74: Pthalic Anhydride | J74: =IF(COUNTIF(CCMA[material_name],C74)>0,"O","X") -> X | K74: =IF(COUNTIF(CEH[material_name],C74)>0,"O","X") -> O | L74: =IF(COUNTIF(표8[material_id],표2[[#This Row],[material_id]])>0, "O", "X") -> O | M74: =IF(COUNTIFS(표8[material_id],표2[[#This Row],[material_id]],표8[location],"울산")>0, "O", "X") -> O
A75: M074 | B75: Benzene | C75: Caprolactam | D75: Monomer | E75: Lactam Monomer | F75: 6330 | G75: 2933710000 | J75: =IF(COUNTIF(CCMA[material_name],C75)>0,"O","X") -> X | K75: =IF(COUNTIF(CEH[material_name],C75)>0,"O","X") -> O | L75: =IF(COUNTIF(표8[material_id],표2[[#This Row],[material_id]])>0, "O", "X") -> O | M75: =IF(COUNTIFS(표8[material_id],표2[[#This Row],[material_id]],표8[location],"울산")>0, "O", "X") -> O
A76: M075 | B76: Ethylene | C76: LAO | D76: Functional Material | E76: Alpha Olefin Mixture | F76: 2700 | H76: Linear alpha olefins mixture (typically C4–C12+ range) | J76: =IF(COUNTIF(CCMA[material_name],C76)>0,"O","X") -> X | K76: =IF(COUNTIF(CEH[material_name],C76)>0,"O","X") -> X | L76: =IF(COUNTIF(표8[material_id],표2[[#This Row],[material_id]])>0, "O", "X") -> X | M76: =IF(COUNTIFS(표8[material_id],표2[[#This Row],[material_id]],표8[location],"울산")>0, "O", "X") -> X
A77: M076 | B77: Ethylene | C77: 1-Hexene | D77: Intermediate | E77: Alpha Olefin | F77: 2900 | G77: 2901291000 | H77: (Ethylene base) | J77: =IF(COUNTIF(CCMA[material_name],C77)>0,"O","X") -> X | K77: =IF(COUNTIF(CEH[material_name],C77)>0,"O","X") -> X | L77: =IF(COUNTIF(표8[material_id],표2[[#This Row],[material_id]])>0, "O", "X") -> X | M77: =IF(COUNTIFS(표8[material_id],표2[[#This Row],[material_id]],표8[location],"울산")>0, "O", "X") -> X
A78: M077 | B78: Ethylene | C78: PAO | D78: Functional Material | E78: Synthetic Base Oil | F78: 2720 | J78: =IF(COUNTIF(CCMA[material_name],C78)>0,"O","X") -> X | K78: =IF(COUNTIF(CEH[material_name],C78)>0,"O","X") -> X | L78: =IF(COUNTIF(표8[material_id],표2[[#This Row],[material_id]])>0, "O", "X") -> X | M78: =IF(COUNTIFS(표8[material_id],표2[[#This Row],[material_id]],표8[location],"울산")>0, "O", "X") -> X
A79: M078 | B79: Methanol | C79: MMA | D79: Monomer | E79: Acrylic Monomer | F79: 400 | G79: 2916141000 | H79: Methyl methacrylate monomer | J79: =IF(COUNTIF(CCMA[material_name],C79)>0,"O","X") -> O | K79: =IF(COUNTIF(CEH[material_name],C79)>0,"O","X") -> X | L79: =IF(COUNTIF(표8[material_id],표2[[#This Row],[material_id]])>0, "O", "X") -> O | M79: =IF(COUNTIFS(표8[material_id],표2[[#This Row],[material_id]],표8[location],"울산")>0, "O", "X") -> X
A80: M079 | B80: Methanol | C80: PMMA | D80: Polymer | E80: Acrylic Polymer | F80: 410 | G80: 3906100000 | H80: Polymethyl methacrylate | J80: =IF(COUNTIF(CCMA[material_name],C80)>0,"O","X") -> X | K80: =IF(COUNTIF(CEH[material_name],C80)>0,"O","X") -> X | L80: =IF(COUNTIF(표8[material_id],표2[[#This Row],[material_id]])>0, "O", "X") -> O | M80: =IF(COUNTIFS(표8[material_id],표2[[#This Row],[material_id]],표8[location],"울산")>0, "O", "X") -> X
A81: M080 | B81: Methanol | C81: Formaldehyde | D81: Intermediate | E81: Aldehyde | F81: 300 | G81: 2912110000 | H81: Polymethyl methacrylate | J81: =IF(COUNTIF(CCMA[material_name],C81)>0,"O","X") -> O | K81: =IF(COUNTIF(CEH[material_name],C81)>0,"O","X") -> O | L81: =IF(COUNTIF(표8[material_id],표2[[#This Row],[material_id]])>0, "O", "X") -> X | M81: =IF(COUNTIFS(표8[material_id],표2[[#This Row],[material_id]],표8[location],"울산")>0, "O", "X") -> X
A82: M081 | B82: Ethylene | C82: EC | D82: Intermediate | E82: Carbonate | F82: 2360 | H82: Ethylene Carbonate | J82: =IF(COUNTIF(CCMA[material_name],C82)>0,"O","X") -> X | K82: =IF(COUNTIF(CEH[material_name],C82)>0,"O","X") -> X | L82: =IF(COUNTIF(표8[material_id],표2[[#This Row],[material_id]])>0, "O", "X") -> X | M82: =IF(COUNTIFS(표8[material_id],표2[[#This Row],[material_id]],표8[location],"울산")>0, "O", "X") -> X
A83: M082 | B83: Ethylene | C83: DMC | D83: Intermediate | E83: Carbonate | F83: 2370 | H83: Diemethyl Carbonate | J83: =IF(COUNTIF(CCMA[material_name],C83)>0,"O","X") -> X | K83: =IF(COUNTIF(CEH[material_name],C83)>0,"O","X") -> X | L83: =IF(COUNTIF(표8[material_id],표2[[#This Row],[material_id]])>0, "O", "X") -> X | M83: =IF(COUNTIFS(표8[material_id],표2[[#This Row],[material_id]],표8[location],"울산")>0, "O", "X") -> X
A84: M083 | B84: Ethylene | C84: PVOH | D84: Polymer | E84: Functional Polymer | F84: 2610 | G84: 3905300000 | H84: Polyvinyl alcohol | J84: =IF(COUNTIF(CCMA[material_name],C84)>0,"O","X") -> X | K84: =IF(COUNTIF(CEH[material_name],C84)>0,"O","X") -> O | L84: =IF(COUNTIF(표8[material_id],표2[[#This Row],[material_id]])>0, "O", "X") -> X | M84: =IF(COUNTIFS(표8[material_id],표2[[#This Row],[material_id]],표8[location],"울산")>0, "O", "X") -> X
A85: M084 | B85: Ethylene | C85: EVA | D85: Polymer | E85: Polyolefin Copolymer | F85: 2620 | H85: Ethylene-vinyl acetate copolymer | J85: =IF(COUNTIF(CCMA[material_name],C85)>0,"O","X") -> X | K85: =IF(COUNTIF(CEH[material_name],C85)>0,"O","X") -> O | L85: =IF(COUNTIF(표8[material_id],표2[[#This Row],[material_id]])>0, "O", "X") -> O | M85: =IF(COUNTIFS(표8[material_id],표2[[#This Row],[material_id]],표8[location],"울산")>0, "O", "X") -> X
A86: M085 | B86: Benzene | C86: MDI | D86: Intermediate | E86: Isocyanate | F86: 6410 | G86: 2929102000 | H86: Methylene Diphenyl Disocyanate | J86: =IF(COUNTIF(CCMA[material_name],C86)>0,"O","X") -> X | K86: =IF(COUNTIF(CEH[material_name],C86)>0,"O","X") -> O | L86: =IF(COUNTIF(표8[material_id],표2[[#This Row],[material_id]])>0, "O", "X") -> O | M86: =IF(COUNTIFS(표8[material_id],표2[[#This Row],[material_id]],표8[location],"울산")>0, "O", "X") -> X
A87: M086 | B87: Toluene | C87: TDI | D87: Intermediate | E87: Isocyanate | F87: 7100 | G87: 2929101000 | H87: Toluene Diisocyanate | J87: =IF(COUNTIF(CCMA[material_name],C87)>0,"O","X") -> X | K87: =IF(COUNTIF(CEH[material_name],C87)>0,"O","X") -> O | L87: =IF(COUNTIF(표8[material_id],표2[[#This Row],[material_id]])>0, "O", "X") -> O | M87: =IF(COUNTIFS(표8[material_id],표2[[#This Row],[material_id]],표8[location],"울산")>0, "O", "X") -> X
A88: M087 | B88: Xylene | C88: o-Xylene | D88: Intermediate | E88: Aromatic Isomer | F88: 8100 | G88: 2902410000 | H88: Purified Isophtalic Acid | J88: =IF(COUNTIF(CCMA[material_name],C88)>0,"O","X") -> X | K88: =IF(COUNTIF(CEH[material_name],C88)>0,"O","X") -> O | L88: =IF(COUNTIF(표8[material_id],표2[[#This Row],[material_id]])>0, "O", "X") -> O | M88: =IF(COUNTIFS(표8[material_id],표2[[#This Row],[material_id]],표8[location],"울산")>0, "O", "X") -> O
A89: M088 | B89: Xylene | C89: m-Xylene | D89: Intermediate | E89: Aromatic Isomer | F89: 8200 | G89: 2902420000 | H89: Terephtalic Acid | J89: =IF(COUNTIF(CCMA[material_name],C89)>0,"O","X") -> X | K89: =IF(COUNTIF(CEH[material_name],C89)>0,"O","X") -> O | L89: =IF(COUNTIF(표8[material_id],표2[[#This Row],[material_id]])>0, "O", "X") -> O | M89: =IF(COUNTIFS(표8[material_id],표2[[#This Row],[material_id]],표8[location],"울산")>0, "O", "X") -> O
A90: M089 | B90: Xylene | C90: p-Xylene | D90: Intermediate | E90: Aromatic Isomer | F90: 8300 | G90: 2902430000 | H90: Dimethyl Terephtalate | J90: =IF(COUNTIF(CCMA[material_name],C90)>0,"O","X") -> O | K90: =IF(COUNTIF(CEH[material_name],C90)>0,"O","X") -> O | L90: =IF(COUNTIF(표8[material_id],표2[[#This Row],[material_id]])>0, "O", "X") -> O | M90: =IF(COUNTIFS(표8[material_id],표2[[#This Row],[material_id]],표8[location],"울산")>0, "O", "X") -> O
A91: M090 | B91: Xylene | C91: PIA | D91: Monomer | E91: Aromatic Acid Monomer | F91: 8210 | H91: Purified Isophtalic Acid | J91: =IF(COUNTIF(CCMA[material_name],C91)>0,"O","X") -> X | K91: =IF(COUNTIF(CEH[material_name],C91)>0,"O","X") -> O | L91: =IF(COUNTIF(표8[material_id],표2[[#This Row],[material_id]])>0, "O", "X") -> O | M91: =IF(COUNTIFS(표8[material_id],표2[[#This Row],[material_id]],표8[location],"울산")>0, "O", "X") -> O
A92: M091 | B92: Xylene | C92: TPA | D92: Monomer | E92: Aromatic Acid Monomer | F92: 8310 | G92: 2917361000 | H92: Terephtalic Acid | J92: =IF(COUNTIF(CCMA[material_name],C92)>0,"O","X") -> O | K92: =IF(COUNTIF(CEH[material_name],C92)>0,"O","X") -> O | L92: =IF(COUNTIF(표8[material_id],표2[[#This Row],[material_id]])>0, "O", "X") -> O | M92: =IF(COUNTIFS(표8[material_id],표2[[#This Row],[material_id]],표8[location],"울산")>0, "O", "X") -> X
A93: M092 | B93: Xylene | C93: DMT | D93: Monomer | E93: Aromatic Ester Monomer | F93: 8320 | G93: 2917370000 | H93: Dimethyl Terephtalate | J93: =IF(COUNTIF(CCMA[material_name],C93)>0,"O","X") -> X | K93: =IF(COUNTIF(CEH[material_name],C93)>0,"O","X") -> O | L93: =IF(COUNTIF(표8[material_id],표2[[#This Row],[material_id]])>0, "O", "X") -> X | M93: =IF(COUNTIFS(표8[material_id],표2[[#This Row],[material_id]],표8[location],"울산")>0, "O", "X") -> X
A94: M093 | B94: Xylene | C94: PET | D94: Polymer | E94: Polyester | F94: 8330 | H94: Polyethylene terephthalate | J94: =IF(COUNTIF(CCMA[material_name],C94)>0,"O","X") -> O | K94: =IF(COUNTIF(CEH[material_name],C94)>0,"O","X") -> O | L94: =IF(COUNTIF(표8[material_id],표2[[#This Row],[material_id]])>0, "O", "X") -> O | M94: =IF(COUNTIFS(표8[material_id],표2[[#This Row],[material_id]],표8[location],"울산")>0, "O", "X") -> O
A95: M094 | B95: Propylene | C95: PU | D95: Functional Material | E95: Polyurethane System | F95: 3350 | G95: 3909500000 | H95: Polyurethane(Flexible) | J95: =IF(COUNTIF(CCMA[material_name],C95)>0,"O","X") -> X | K95: =IF(COUNTIF(CEH[material_name],C95)>0,"O","X") -> O | L95: =IF(COUNTIF(표8[material_id],표2[[#This Row],[material_id]])>0, "O", "X") -> X | M95: =IF(COUNTIFS(표8[material_id],표2[[#This Row],[material_id]],표8[location],"울산")>0, "O", "X") -> X
A96: M095 | B96: C4 | C96: 1-Octene | D96: Intermediate | E96: Alpha Olefin | F96: 4350 | G96: 2901292000 | J96: =IF(COUNTIF(CCMA[material_name],C96)>0,"O","X") -> X | K96: =IF(COUNTIF(CEH[material_name],C96)>0,"O","X") -> X | L96: =IF(COUNTIF(표8[material_id],표2[[#This Row],[material_id]])>0, "O", "X") -> X | M96: =IF(COUNTIFS(표8[material_id],표2[[#This Row],[material_id]],표8[location],"울산")>0, "O", "X") -> X
A97: M096 | B97: C4 | C97: 1-Hexene | D97: Intermediate | E97: Alpha Olefin | F97: 4340 | H97: (1-butene base) | J97: =IF(COUNTIF(CCMA[material_name],C97)>0,"O","X") -> X | K97: =IF(COUNTIF(CEH[material_name],C97)>0,"O","X") -> X | L97: =IF(COUNTIF(표8[material_id],표2[[#This Row],[material_id]])>0, "O", "X") -> X | M97: =IF(COUNTIFS(표8[material_id],표2[[#This Row],[material_id]],표8[location],"울산")>0, "O", "X") -> X
A98: M097 | B98: Ethylene | C98: EPDM | D98: Polymer | E98: Synthetic Rubber | F98: 2800 | H98: Ethylene Propylene Diene Monomer, Ethylene Propylene Terpolymer(EPT) | J98: =IF(COUNTIF(CCMA[material_name],C98)>0,"O","X") -> X | K98: =IF(COUNTIF(CEH[material_name],C98)>0,"O","X") -> O | L98: =IF(COUNTIF(표8[material_id],표2[[#This Row],[material_id]])>0, "O", "X") -> O | M98: =IF(COUNTIFS(표8[material_id],표2[[#This Row],[material_id]],표8[location],"울산")>0, "O", "X") -> X
A99: M098 | B99: Propylene | C99: ECH | D99: Intermediate | E99: Epoxide Intermediate | F99: 3800 | G99: 2910300000 | H99: Epichlorohydrin | J99: =IF(COUNTIF(CCMA[material_name],C99)>0,"O","X") -> X | K99: =IF(COUNTIF(CEH[material_name],C99)>0,"O","X") -> X | L99: =IF(COUNTIF(표8[material_id],표2[[#This Row],[material_id]])>0, "O", "X") -> O | M99: =IF(COUNTIFS(표8[material_id],표2[[#This Row],[material_id]],표8[location],"울산")>0, "O", "X") -> X
A100: M099 | B100: Ethylene | C100: Ethoxylate | D100: Functional Material | E100: Surfactant | F100: 2390 | J100: =IF(COUNTIF(CCMA[material_name],C100)>0,"O","X") -> X | K100: =IF(COUNTIF(CEH[material_name],C100)>0,"O","X") -> X | L100: =IF(COUNTIF(표8[material_id],표2[[#This Row],[material_id]])>0, "O", "X") -> X | M100: =IF(COUNTIFS(표8[material_id],표2[[#This Row],[material_id]],표8[location],"울산")>0, "O", "X") -> X
...

Sheet route_master
A1: route_id | B1: route_name | C1: route_category | D1: route_depth | E1: remarks
A2: R001 | B2: Ethylene to HDPE | C2: Polymerization | D2: 1
A3: R002 | B3: Ethylene to LDPE | C3: Polymerization | D3: 1
A4: R003 | B4: Ethylene to LLDPE | C4: Polymerization | D4: 1 | E4: comonomer required in practice
A5: R004 | B5: Ethylene to EDC | C5: Chlorination | D5: 1
A6: R005 | B6: EDC to VCM | C6: Cracking | D6: 2
A7: R006 | B7: VCM to PVC | C7: Polymerization | D7: 3
A8: R007 | B8: Ethylene to EO | C8: Oxidation | D8: 1
A9: R008 | B9: EO to MEG | C9: Hydration | D9: 2
A10: R009 | B10: EO to Ethanolamines | C10: Amination | D10: 2 | E10: family-level output
A11: R010 | B11: Ethanolamines to MEA | C11: Separation/Refining | D11: 3 | E11: family-level split
